/*
Navicat MySQL Data Transfer

Source Server         : localhost
Source Host           : localhost:3306
Source Database       : shop
Target Server Type    : MYSQL
*/

SET FOREIGN_KEY_CHECKS=0;

DROP TABLE IF EXISTS `tb_admin`;
DROP TABLE IF EXISTS `tb_admintype`;
DROP TABLE IF EXISTS `tb_goods`;
DROP TABLE IF EXISTS `tb_goodsImg`;
DROP TABLE IF EXISTS `tb_goodsAttr`;
DROP TABLE IF EXISTS `tb_inform`;
DROP TABLE IF EXISTS `tb_user`;
DROP TABLE IF EXISTS `tb_note`;
DROP TABLE IF EXISTS `tb_order`;
DROP TABLE IF EXISTS `tb_orderitem`;
DROP TABLE IF EXISTS `tb_supertype`;
DROP TABLE IF EXISTS `tb_subtype`;


-- ----------------------------
-- Table structure for tb_admintype
-- ----------------------------
-- DROP TABLE IF EXISTS `tb_admintype`;
CREATE TABLE `tb_admintype` (
  `adminTypeId` int(11) NOT NULL AUTO_INCREMENT,
  `adminTypeName` varchar(50) DEFAULT NULL,
  PRIMARY KEY (`adminTypeId`)
) ENGINE=InnoDB AUTO_INCREMENT=5 DEFAULT CHARSET=utf8;

-- ----------------------------
-- Records of tb_admintype
-- ----------------------------
INSERT INTO `tb_admintype` VALUES ('1', '商品管理员');
INSERT INTO `tb_admintype` VALUES ('2', '订单管理员');
INSERT INTO `tb_admintype` VALUES ('3', '会员管理员');
INSERT INTO `tb_admintype` VALUES ('4', '系统管理员');

-- ----------------------------
-- Table structure for tb_admin
-- ----------------------------
-- DROP TABLE IF EXISTS `tb_admin`;
CREATE TABLE `tb_admin` (
  `ID` int(4) NOT NULL AUTO_INCREMENT,
  `AdminType` int(11) DEFAULT NULL,
  `AdminName` varchar(50) DEFAULT NULL,
  `LoginName` varchar(12) DEFAULT NULL,
  `LoginPwd` varchar(12) DEFAULT NULL,
  PRIMARY KEY (`ID`),
  KEY `AdminType` (`AdminType`),
  CONSTRAINT `tb_admin_ibfk_1` FOREIGN KEY (`AdminType`) REFERENCES `tb_admintype` (`adminTypeId`)
) ENGINE=InnoDB AUTO_INCREMENT=14 DEFAULT CHARSET=utf8;

-- ----------------------------
-- Records of tb_admin 1 商品管理 2 订单管理 3 会员管理 4 系统
-- ----------------------------
INSERT INTO `tb_admin` VALUES ('1', '1', '商水', 'admin1', 'admin1');
INSERT INTO `tb_admin` VALUES ('2', '2', '丁琪', 'admin2', 'admin2');
INSERT INTO `tb_admin` VALUES ('3', '3', '文会', 'admin3', 'admin3');
INSERT INTO `tb_admin` VALUES ('4', '4', '夏瑕', 'admin4', 'admin4');
INSERT INTO `tb_admin` VALUES ('5', '1', '优乐', 'youyue', '123');
INSERT INTO `tb_admin` VALUES ('6', '2', '白栎', 'baili', '123');
INSERT INTO `tb_admin` VALUES ('7', '3', '李美婷', 'li', '123');
INSERT INTO `tb_admin` VALUES ('8', '1', '李达', 'lida', '123');
INSERT INTO `tb_admin` VALUES ('9', '2', '李建设', 'lijianshe', '123');
INSERT INTO `tb_admin` VALUES ('10', '3', '白奕竹', 'baiyizhu', '123');
INSERT INTO `tb_admin` VALUES ('11', '1', '容景', 'rongjing', '123');
INSERT INTO `tb_admin` VALUES ('12', '2', '风书晚', 'shuwan', '123');
INSERT INTO `tb_admin` VALUES ('13', '3', '杨子琪', 'yang', '123');

-- ----------------------------
-- Table structure for tb_supertype
-- ----------------------------
-- DROP TABLE IF EXISTS `tb_supertype`;
CREATE TABLE `tb_supertype` (
  `superTypeId` int(11) DEFAULT NULL,
  `superTypeName` varchar(50) DEFAULT NULL,
  PRIMARY KEY (`superTypeId`)
) ENGINE=InnoDB DEFAULT CHARSET=utf8;

-- ----------------------------
-- Records of tb_supertype
-- ----------------------------
INSERT INTO `tb_supertype` VALUES ('1', '狗狗主粮');
INSERT INTO `tb_supertype` VALUES ('2', '狗狗零食');
INSERT INTO `tb_supertype` VALUES ('3', '狗狗日用&医疗');
INSERT INTO `tb_supertype` VALUES ('4', '猫咪主粮');
INSERT INTO `tb_supertype` VALUES ('5', '猫咪零食');
INSERT INTO `tb_supertype` VALUES ('6', '猫咪日用&医疗');

-- ----------------------------
-- Table structure for tb_subtype
-- ----------------------------
-- DROP TABLE IF EXISTS `tb_subtype`;
CREATE TABLE `tb_subtype` (
  `subTypeId` int(11) NOT NULL AUTO_INCREMENT,
  `superTypeId` int(11) DEFAULT NULL,
  `subTypeName` varchar(50) DEFAULT NULL,
  PRIMARY KEY (`subTypeId`),
  KEY `superTypeId` (`superTypeId`),
  CONSTRAINT `tb_subtype_ibfk_1` FOREIGN KEY (`superTypeId`) REFERENCES `tb_supertype` (`superTypeId`)
) ENGINE=InnoDB AUTO_INCREMENT=28 DEFAULT CHARSET=utf8;

-- ----------------------------
-- Records of tb_subtype
-- ----------------------------
INSERT INTO `tb_subtype` VALUES ('1', '1', '成犬粮');
INSERT INTO `tb_subtype` VALUES ('2', '1', '幼犬粮');
INSERT INTO `tb_subtype` VALUES ('3', '1', '全犬粮');

INSERT INTO `tb_subtype` VALUES ('4', '2', '磨牙洁齿');
INSERT INTO `tb_subtype` VALUES ('5', '2', '肉制零食');
INSERT INTO `tb_subtype` VALUES ('6', '2', '罐头湿粮');

INSERT INTO `tb_subtype` VALUES ('7', '3', '狗狗餐具');
INSERT INTO `tb_subtype` VALUES ('8', '3', '狗狗住所');
INSERT INTO `tb_subtype` VALUES ('9', '3', '狗狗训练&玩具');
INSERT INTO `tb_subtype` VALUES ('10', '3', '狗狗医疗');

INSERT INTO `tb_subtype` VALUES ('11', '4', '幼猫粮');
INSERT INTO `tb_subtype` VALUES ('12', '4', '成猫粮');
INSERT INTO `tb_subtype` VALUES ('13', '4', '全猫粮');

INSERT INTO `tb_subtype` VALUES ('14', '5', '罐头湿粮');
INSERT INTO `tb_subtype` VALUES ('15', '5', '美味零食');
INSERT INTO `tb_subtype` VALUES ('16', '5', '猫草薄荷');

INSERT INTO `tb_subtype` VALUES ('17', '6', '猫砂专区');
INSERT INTO `tb_subtype` VALUES ('18', '6', '猫咪餐具');
INSERT INTO `tb_subtype` VALUES ('19', '6', '猫咪玩具');
INSERT INTO `tb_subtype` VALUES ('20', '6', '猫咪医疗');

-- ----------------------------
-- Table structure for tb_goods
-- ----------------------------
DROP TABLE IF EXISTS `tb_goods`;
CREATE TABLE `tb_goods` (
  `goodsId` int(20) NOT NULL AUTO_INCREMENT,
  `superTypeId` int(11) DEFAULT NULL,
  `subTypeId` int(11) DEFAULT NULL,
  `goodsTitle` varchar(200) DEFAULT NULL,
  `introduce` text,
	`brandName` varchar(20) DEFAULT NULL,
	`spec` varchar(20) DEFAULT NULL, #规格
	`measure` varchar(20) DEFAULT NULL, #计量单位
  `price` float DEFAULT NULL,
  `nowPrice` float DEFAULT NULL,
  `indexImage` varchar(60) DEFAULT NULL,#首页图片
  `goodsNum` int(11) DEFAULT NULL,#库存
  `sellNum` int(11) DEFAULT NULL,#已售出
  `collectNum` int(11) DEFAULT NULL,#收藏
  `goodsDetailImg` varchar(500) DEFAULT NULL,#商品详情图片 字符串组合
  `key` varchar(30) DEFAULT NULL,#关键字
  `click` int (20) DEFAULT NULL,#点击量
  `sale` int(11) DEFAULT NULL,#特价
  `special` int(11) DEFAULT NULL,#特别推荐
  PRIMARY KEY (`goodsId`),
  KEY `subTypeId` (`subTypeId`),
  KEY `superTypeId` (`superTypeId`),
  CONSTRAINT `tb_goods_ibfk_1` FOREIGN KEY (`subTypeId`) REFERENCES `tb_subtype` (`subTypeId`),
  CONSTRAINT `tb_goods_ibfk_2` FOREIGN KEY (`superTypeId`) REFERENCES `tb_supertype` (`superTypeId`)
) ENGINE=InnoDB AUTO_INCREMENT=1010001 DEFAULT CHARSET=utf8;

-- ----------------------------
-- Records of tb_goods
-- ----------------------------
-- INSERT INTO `tb_goods` VALUES ('goodsId', 'superTypeId', 'subTypeId', '商品名', '介绍','brandName','规格','计量单位', '价格', '现价','首页图片', '库存', '已售出', '收藏数' '详情图片', '关键字', '点击量', '特价', '推荐');
INSERT INTO `tb_goods` VALUES ('1010001', '1', '1', '小型犬挑食及美毛配方成犬全价犬粮', '明眼美毛 小型犬精准定制配方','冠能','800g','袋', '72.00', '56.00','1010001i.jpg', '465','15551','1231', '1010001d01.jpg,1010001d02.jpg,1010001d03.jpg,1010001d04.jpg,1010001d05.jpg,1010001d06.jpg,1010001d07.jpg,1010001d08.jpg,1010001d09.jpg,1010001d10.jpg,1010001d11.jpg,1010001d12.jpg,1010001d13.jpg,1010001d14.jpg,1010001d15.jpg,1010001d16.jpg,1010001d17.jpg,1010001d18.jpg,1010001d19.jpg,1010001d20.jpg,1010001d21.jpg,1010001d22.jpg,1010001d23.jpg,1010001d24.jpg,1010001d25.jpg,1010001d26.jpg,1010001d27.jpg,1010001d28.jpg,1010001d29.jpg,1010001d30.jpg,1010001d31.jpg,1010001d32.jpg,1010001d33.jpg', '狗粮，犬粮，成犬粮，小型犬粮', '1651', '1', '1');
INSERT INTO `tb_goods` VALUES ('1010002', '1', '1', '低敏无谷中大型成犬粮', '专为中大型犬研发 不含谷物 不易过敏 营养好吸收','伯纳天纯','10kg','袋', '480.00', '339.00','1010002i.jpg', '165','18565','89545', '1010002d01.jpg,1010002d02.jpg,1010002d03.jpg,1010002d04.jpg,1010002d05.jpg,1010002d06.jpg,1010002d07.jpg,1010002d08.jpg,1010002d09.jpg,1010002d10.jpg,1010002d11.jpg,1010002d12.jpg,1010002d13.jpg,1010002d14.jpg,1010002d15.jpg,1010002d16.jpg,1010002d17.jpg,1010002d18.jpg,1010002d19.jpg,1010002d20.jpg,1010002d21.jpg,1010002d22.jpg,1010002d23.jpg,1010002d24.jpg', '狗粮，犬粮，成犬粮，中大型犬粮', '156', '1', '1');
INSERT INTO `tb_goods` VALUES ('1010003', '1', '1', '牛肉双拼系列 贵宾专用牛肉双拼成犬粮', '美味双拼 味觉享受 营养搭配','麦富迪','2kg','袋', '70.68', '58.90','1010003i.jpg', '123','8415','15614', '1010003d01.jpg,1010003d02.jpg,1010003d03.jpg,1010003d04.jpg,1010003d05.jpg,1010003d06.jpg,1010003d07.jpg,1010003d08.jpg,1010003d09.jpg,1010003d10.jpg,1010003d11.jpg,1010003d12.jpg,1010003d13.jpg,1010003d14.jpg,1010003d15.jpg,1010003d16.jpg,1010003d17.jpg,1010003d18.jpg,1010003d19.jpg,1010003d20.jpg', '狗粮，犬粮，成犬粮，贵宾犬粮', '26', '1', '1');
INSERT INTO `tb_goods` VALUES ('1010004', '1', '1', '天然低敏 中大型犬 成犬粮', '健胃促吸收 蓬松亮毛 体态优化 健骨护关节','伯纳天纯','15kg','袋', '585.60', '488.00','1010005i.jpg', '2156','15551','1231', '1010002d01.jpg,1010002d02.jpg,1010002d03.jpg,1010002d04.jpg,1010002d05.jpg,1010002d06.jpg,1010002d07.jpg,1010002d08.jpg,1010002d09.jpg,1010002d10.jpg,1010002d11.jpg,1010002d12.jpg,1010002d13.jpg,1010002d14.jpg,1010002d15.jpg,1010002d16.jpg,1010002d17.jpg,1010002d18.jpg,1010002d19.jpg,1010002d20.jpg,1010002d21.jpg,1010002d22.jpg,1010002d23.jpg,1010002d24.jpg', '狗粮，犬粮，成犬粮，中大型犬粮', '156', '1', '1');
INSERT INTO `tb_goods` VALUES ('1010005', '1', '1', '三文鱼成犬粮 大颗粒 拆零', '英国原装进口 挪威三文鱼 抗敏感美毛无谷天然粮','比瑞吉','20kg','袋', '594.00', '495.00','1010006i.jpg', '265','2646','7641', '1010007d01.jpg', '狗粮，犬粮，成犬粮，中大型犬粮', '1561', '1', '1');
INSERT INTO `tb_goods` VALUES ('1010006', '1', '1', '健康型天然粮 大型犬成犬粮', '护关节 强心脏 易消化 保鲜拉链密封','比瑞吉','20kg','袋', '594.00', '495.00','1010006i.jpg', '265','2646','7641', '1010007d01.jpg', '狗粮，犬粮，成犬粮，中大型犬粮', '1561', '1', '1');
INSERT INTO `tb_goods` VALUES ('1010007', '1', '1', '三文鱼成犬粮 大颗粒 拆零', '英国原装进口 挪威三文鱼 抗敏感美毛无谷天然粮','海洋之星','500g','袋', '40.00', '32.00','1010007i.jpg', '4156', '1232', '1454', '1010007d01.jpg', '狗粮，犬粮，成犬粮', '1564', '1', '1');
INSERT INTO `tb_goods` VALUES ('1010008', '1', '1', '健康型天然粮 小型犬成犬粮 拆零', '泰迪贵宾比熊雪纳瑞专用 含胡萝卜粉末 缓解泪痕 美皮毛 防老化','比瑞吉','500g','袋', '20.00', '18.00','1010008i.jpg', '15', '658', '453', '1010007d01.jpg', '狗粮，犬粮，成犬粮', '152', '1', '1');
INSERT INTO `tb_goods` VALUES ('1010009', '1', '1', '鸡肉中草药蔬菜营养成犬粮 拆零', '澳宝升级经典系列 添加中草药精华 健护肠胃','雷米高','500g','袋', '7.80', '6.50','1010009i.jpg', '98', '454', '688','1010007d01.jpg', '狗粮，犬粮，成犬粮', '4865', '0', '0');

INSERT INTO `tb_goods` VALUES ('1010010', '1', '2', '大型犬幼犬全价犬粮', '雀巢旗下犬粮 经典配方 助消化 促成长','冠能','12kg','袋', '708.00', '559.00','1020001i.jpg', '2131','2815','16513', '1010001d01.jpg,1010001d02.jpg,1010001d03.jpg,1010001d04.jpg,1010001d05.jpg,1010001d06.jpg,1010001d07.jpg,1010001d08.jpg,1010001d09.jpg,1010001d10.jpg,1010001d11.jpg,1010001d12.jpg,1010001d13.jpg,1010001d14.jpg,1010001d15.jpg,1010001d16.jpg,1010001d17.jpg,1010001d18.jpg,1010001d19.jpg,1010001d20.jpg,1010001d21.jpg,1010001d22.jpg,1010001d23.jpg,1010001d24.jpg,1010001d25.jpg,1010001d26.jpg,1010001d27.jpg,1010001d28.jpg,1010001d29.jpg,1010001d30.jpg,1010001d31.jpg,1010001d32.jpg,1010001d33.jpg', '狗粮，犬粮，幼犬粮，大型犬粮', '641', '1', '1');
INSERT INTO `tb_goods` VALUES ('1010011', '1', '2', '健康型天然粮 小型犬幼犬粮', '泰迪贵宾比熊雪纳瑞专用 易消化 优排便 亮毛发','比瑞吉','1.5kg','袋', '102.00', '85.00','1020002i.jpg', '165','2562','15310', '1010007d01.jpg', '狗粮，犬粮，幼犬粮，小型犬粮', '941', '1', '1');
INSERT INTO `tb_goods` VALUES ('1010012', '1', '2', '天然低敏 中大型犬 幼犬粮', '亮泽被毛 强化免疫 益智明目 促进骨骼牙齿生长','伯纳天纯','15kg','袋', '598.80', '499.00','1010004i.jpg', '235','59845','45415', '1010004d01.jpg,1010004d02.jpg,1010004d03.jpg,1010004d04.jpg,1010004d05.jpg,1010004d06.jpg', '狗粮，犬粮，幼犬粮，中大型犬粮', '262', '1', '1');
INSERT INTO `tb_goods` VALUES ('1010013', '1', '2', '小型犬幼犬粮', '深海鱼油配方 均衡营养 美毛犬粮 亚太区总厂新鲜直供','优卡EuKanuba','20kg','袋', '1068.00', '890.00','1020003i.jpg', '156', '1235', '15236', '1010007d01.jpg', '狗粮，犬粮，幼犬粮，小型犬粮', '5225', '1', '1');
INSERT INTO `tb_goods` VALUES ('1010014', '1', '2', '天然低敏 中大型犬 幼犬粮 拆零', '亮泽被毛 强化免疫 益智明目 促进骨骼牙齿生长','伯纳天纯','500g','袋', '20.50', '17.00','1020005i.jpg', '248', '577', '5430', '1010007d01.jpg', '狗粮，犬粮，幼犬粮', '1274', '1', '1');
INSERT INTO `tb_goods` VALUES ('1010015', '1', '2', '深海鱼幼犬粮 大颗粒 拆零', '英国原装进口 挪威深海鱼 抗敏感美毛无谷天然粮','海洋之星','500g','袋', '40.00', '32.00','1020006i.jpg', '402', '1235', '4532', '1010007d01.jpg', '狗粮，犬粮，幼犬粮', '6536', '1', '1');
INSERT INTO `tb_goods` VALUES ('1010016', '1', '2', '天然活力繁育配方 幼母犬粮 拆零', '无谷物添加 独特营养配方 高蛋白 特别适用于幼母犬营养补充 增强免疫','发育宝','500g','袋', '18.00', '15.00','1020007i.jpg', '20', '78', '245', '1010007d01.jpg', '狗粮，犬粮，幼犬粮', '2365', '1', '1');
INSERT INTO `tb_goods` VALUES ('1010017', '1', '2', '深海鱼幼犬粮 小颗粒 拆零', '英国原装进口 挪威深海鱼 抗敏感美毛无谷天然粮','海洋之星','500g','袋', '41.00', '33.00','1020008i.jpg', '4757', '797', '1532', '1010007d01.jpg', '狗粮，犬粮，幼犬粮', '656', '1', '1');

INSERT INTO `tb_goods` VALUES ('1010018', '1', '3', '处方粮系列 a/d重点护理配方犬罐', '希尔思 美国原装进口 香港利农直供 为经历重病/意外受伤或手术后初愈的犬猫提供营养补给','希尔斯/希尔思Hills','156g','罐', '156.00', '122.00','1010018.jpg', '545', '276', '486', '1030001d.jpg', '狗粮，犬粮，全犬粮', '153', '1', '1');
INSERT INTO `tb_goods` VALUES ('1010019', '1', '3', '处方狗粮系列 L/d 肝脏健康配方全犬粮', '美国原装进口 香港利农直供 易消化 维持血压正常','希尔斯/希尔思Hills','6kg','罐', '111.00', '110.50','1010019.jpg', '678', '135', '151', '1030001d.jpg', '狗粮，犬粮，全犬粮', '456', '1', '1');
INSERT INTO `tb_goods` VALUES ('1010020', '1', '3', '犬用肠道处方罐头', '适用食欲不振 肠道问题 术后恢复','德国原装进口克劳德医生','200g','罐', '45.00', '36.00','1010020.jpg', '456', '4684', '1564', '1030001d.jpg', '狗粮，犬粮，全犬粮', '64', '0', '1');
INSERT INTO `tb_goods` VALUES ('1010021', '1', '3', '处方狗粮系列 i/d肠胃保健配方全犬罐头', '美国原装进口 香港利农直供 促进消化机能健康 维持肠胃健康','希尔斯/希尔思Hills','370g','罐', '89.00', '78.00','1010021.jpg', '78', '46345', '1565', '1030001d.jpg', '狗粮，犬粮，全犬粮', '984', '0', '1');
INSERT INTO `tb_goods` VALUES ('1010022', '1', '3', '犬用胃肠疾患膳食铝罐头', '朗跃关注狗狗健康成长：消化系统患疾（胃肠炎、结肠炎等）改善 术后恢复期增加能量 厌食症、消化不良等调节','朗跃','100g','罐', '56.00', '50.00','1010022.jpg', '45', '1456', '456', '1030001d.jpg', '狗粮，犬粮，全犬粮', '942', '0', '1');
INSERT INTO `tb_goods` VALUES ('1010023', '1', '3', '犬用肝脏处方粮', '适用肝脏疾病和肝功能衰竭的爱犬','德国原装进口克劳德医生','1kg','袋', '45.00', '40.00','1010023.jpg', '786', '968', '4654', '1030001d.jpg', '狗粮，犬粮，全犬粮', '526', '0', '1');
INSERT INTO `tb_goods` VALUES ('1010025', '1', '3', '处方狗粮系列 r/d 超重犬专用罐头', '美国原装进口 香港利农直供 均衡营养 好消化 减脂配方 控制体型','希尔斯/希尔思Hills','370g','个', '67.00', '58.00','1010024.jpg', '46', '4656', '1555', '1030001d.jpg', '狗粮，犬粮，全犬粮', '646', '0', '1');
INSERT INTO `tb_goods` VALUES ('1010024', '1', '3', '处方狗粮系列 L/d 肝脏健康配方全犬粮', '美国原装进口 香港利农直供 易消化 维持血压正常','希尔斯/希尔思Hills','6kg','罐', '111.00', '110.50','1010025.jpg', '678', '135', '151', '1030001d.jpg', '狗粮，犬粮，全犬粮', '456', '1', '1');

INSERT INTO `tb_goods` VALUES ('1010026', '2', '4', '奶酪小馒头', '脆爽好口感 营养消臭 厂家换新 新老包装随机发','顽皮Wanpy','220g','包', '14.40', '12.00','1010026i.jpg', '2561', '782', '2752', '1040001d.jpg.jpg', '狗狗零食，零食，罐头，磨牙', '151', '1', '1');
INSERT INTO `tb_goods` VALUES ('1010027', '2', '4', '狗狗零食 清口香系列', '帮助狗狗磨牙健齿 清新口气','麦富迪','牛肉味','个', '23.80', '19.90','1010027i.jpg', '54', '4252', '454', '1040001d.jpg.jpg', '狗狗零食，零食，罐头，磨牙', '988', '0', '1');
INSERT INTO `tb_goods` VALUES ('1010028', '2', '4', '犬用蔬菜营养小号结骨', '优质磨牙零食 营养补充 清洁牙齿 清新口气','贝尔思味特','120g','袋', '10.00', '8.00','1010028i.jpg', '534', '545', '123', '1040001d.jpg.jpg', '狗狗零食，零食，罐头，磨牙', '646', '0', '1');
INSERT INTO `tb_goods` VALUES ('1010029', '2', '4', '犬用半式鲨鱼软骨', '天然 无添加 无色素 富含鲨鱼软骨素 关节保健零食 易掰断喂食','泰国原装进口BOKBOK','50g','袋', '78.00', '75.50','1010029i.jpg', '86', '128', '787', '1040001d.jpg.jpg', '狗狗零食，零食，罐头，磨牙', '564', '1', '1');
INSERT INTO `tb_goods` VALUES ('1010030', '2', '4', '犬用除臭饼干袋装', '补钙增体力 缓解疲劳 低脂易吸收','拍拖宝贝','100g','袋', '65.00', '61.50','1010030i.jpg', '12', '4542', '1458', '1040001d.jpg.jpg', '狗狗零食，零食，罐头，磨牙', '46456', '0', '1');
INSERT INTO `tb_goods` VALUES ('1010031', '2', '4', '健齿咬胶系列 蔬菜营养棒', '一包足足50根 消磨时间最佳选择 特含芹菜籽油（安全清新口气特效法宝）','禾仕嘉','500g','袋', '75.00', '70.02','1010031i.jpg', '79', '897', '786', '1040001d.jpg.jpg', '狗狗零食，零食，罐头，磨牙', '131', '0', '1');
INSERT INTO `tb_goods` VALUES ('1010032', '2', '4', '花生味夹肉洁齿骨', '好消化 健齿洁牙','迷你2.5寸/8支','迷你2.5寸/8支','袋', '94.00', '88.88','1010032i.jpg', '73', '425', '45', '1040001d.jpg.jpg', '狗狗零食，零食，罐头，磨牙', '87', '1', '1');
INSERT INTO `tb_goods` VALUES ('1010033', '2', '4', '犬用蔬菜营养小号磨牙棒', '优质磨牙零食 营养补充 清洁牙齿 清新口气','贝尔思味特','12g','袋', '15.00', '5.00','1010033i.jpg', '138', '387', '453', '1040001d.jpg.jpg', '狗狗零食，零食，罐头，磨牙', '456', '1', '1');

INSERT INTO `tb_goods` VALUES ('1010034', '2', '5', '冻干牛肝犬零食', '纯肉入料 高蛋白看得见原料的脱水零食','TOMI','60g','个', '64.00', '60.00','1010034i.jpg', '415', '5256', '6387', '1050001d.jpg', '狗狗零食，零食，肉制零食', '6587', '1', '1');
INSERT INTO `tb_goods` VALUES ('1010035', '2', '5', '牛肉味狗狗营养酱', '纯肉入料 高蛋白看得见原料的脱水零食','美国原装进口Petchup佩茄普','340g','个', '64.00', '60.00','1010035i.jpg', '415', '5256', '6387', '1050001d.jpg', '狗狗零食，零食，肉制零食', '6587', '1', '1');
INSERT INTO `tb_goods` VALUES ('1010036', '2', '5', '犬用鲨鱼肉干块', '纯肉入料 高蛋白看得见原料的脱水零食','泰国原装进口BOKBOK','50g','个', '78.00', '70.44','1010036i.jpg', '415', '1526', '4554', '1050001d.jpg', '狗狗零食，零食，肉制零食', '798', '1', '1');
INSERT INTO `tb_goods` VALUES ('1010037', '2', '5', '狗零食 奢华营养罐装牛肉粒', '纯肉入料 高蛋白看得见原料的脱水零食','麦富迪','180g','个', '88.99', '88.88','1010037i.jpg', '415', '5026', '545', '1050001d.jpg', '狗狗零食，零食，肉制零食', '784', '1', '1');
INSERT INTO `tb_goods` VALUES ('1010038', '2', '5', '醇香牛肉棒', '纯肉入料 高蛋白看得见原料的脱水零食','顽皮Wanpy','400g','个', '67.00', '66.66','1010038i.jpg', '415', '685', '155', '1050001d.jpg', '狗狗零食，零食，肉制零食', '784', '1', '1');
INSERT INTO `tb_goods` VALUES ('1010039', '2', '5', '电影零食系列 鸡米球', '纯肉入料 高蛋白看得见原料的脱水零食','麦富迪','200g','个', '76.44', '65.44','1010039i.jpg', '415', '766', '12', '1050001d.jpg', '狗狗零食，零食，肉制零食', '415', '1', '1');
INSERT INTO `tb_goods` VALUES ('1010040', '2', '5', '干燥鸡小胸肉丝', '纯肉入料 高蛋白看得见原料的脱水零食','拍拖宝贝','200g','个', '65.54', '60.00','1010040i.jpg', '415', '987', '547', '1050001d.jpg', '狗狗零食，零食，肉制零食', '674', '1', '1');
INSERT INTO `tb_goods` VALUES ('1010041', '2', '5', '爱嚼鸡小胸肉片', '纯肉入料 高蛋白看得见原料的脱水零食','拍拖宝贝','200g','个', '46.00', '40.00','1010041i.jpg', '415', '654', '445', '1050001d.jpg', '狗狗零食，零食，肉制零食', '128', '1', '1');

INSERT INTO `tb_goods` VALUES ('1010042', '2', '6', '畅销全球 超级美味 Cesar西莎餐盒 经典系列 ', '畅销澳洲原装进口 满满肉块提供均衡营养','brandName','牛肉加蔬菜','个', '67.00', '63.00','1010042i.jpg', '415', '165', '45', '1060001d.jpg', '狗狗零食，零食，罐头，狗狗罐头', '974', '1', '1');
INSERT INTO `tb_goods` VALUES ('1010043', '2', '6', '畅销全球 超级美味 Cesar西莎餐盒 经典系列', '畅销澳洲原装进口 满满肉块提供均衡营养','brandName','乡村嫩烧小羊肉 100g','个', '65.00', '61.00','1010043i.jpg', '415', '231', '954', '1060001d.jpg', '狗狗零食，零食，罐头，狗狗罐头', '524', '0', '1');
INSERT INTO `tb_goods` VALUES ('1010044', '2', '6', 'Fit系列活力辅酶Q10狗罐头', '畅销澳洲原装进口 满满肉块提供均衡营养','纽萃宝Nutripe','羊肉口味 95g','个', '13.00', '10.00','1010044i.jpg', '894', '65', '645', '1060001d.jpg', '狗狗零食，零食，罐头，狗狗罐头', '6856', '0', '1');
INSERT INTO `tb_goods` VALUES ('1010045', '2', '6', '成犬 牛肉妙鲜包', '经典湿粮 超级适口性 畅销80年 成犬专用','宝路','100g*12袋装','个', '78.00', '70.00','1010045i.jpg', '894', '453', '4131', '1060001d.jpg', '狗狗零食，零食，罐头，狗狗罐头', '4645', '0', '1');
INSERT INTO `tb_goods` VALUES ('1010046', '2', '6', '无谷什蔬鸡肉狗罐', 'WDJ推荐品牌罐头 精选食材 大肉块/肉丝','美国原装进口 唯美味weruva','无谷什蔬鸡肉狗罐 156g','个', '94.45', '90.00','1010046i.jpg', '894', '311', '138', '1060001d.jpg', '狗狗零食，零食，罐头，狗狗罐头', '45', '0', '1');
INSERT INTO `tb_goods` VALUES ('1010047', '2', '6', '嫩牛块酱炖青豆胡萝卜狗罐头', '新西兰被认定为最安全健康的畜牧环境 罐头采用人用级食材（草饲牛、非转基因果蔬）','新西兰原装进口 普尔沛','375g','个', '67.44', '67.00','1010047i.jpg', '894', '846', '1321', '1060001d.jpg', '狗狗零食，零食，罐头，狗狗罐头', '364', '0', '1');
INSERT INTO `tb_goods` VALUES ('1010048', '2', '6', '鸡肉狗罐头', '畅销澳洲原装进口 满满肉块提供均衡营养','新西兰原装进口KIWI KITCHENS','170g','个', '67.11', '56.00','1010048i.jpg', '894', '1435', '854', '1060001d.jpg', '狗狗零食，零食，罐头，狗狗罐头', '125', '0', '1');
INSERT INTO `tb_goods` VALUES ('1010049', '2', '6', '鹿肉狗罐头', '一罐装下93%鲜肉 完整取材一种动物','新西兰原装进口KIWI KITCHENS','170g','个', '45.00', '43.00','1010049i.jpg', '894', '135', '1023', '1060001d.jpg', '狗狗零食，零食，罐头，狗狗罐头', '15', '0', '1');
INSERT INTO `tb_goods` VALUES ('1010050', '2', '6', '鹿肉狗罐头', '一罐装下93%鲜肉 完整取材一种动物','新西兰原装进口KIWI KITCHENS','170g','个', '45.00', '43.00','1010049i.jpg', '894', '135', '1023', '1060001d.jpg', '狗狗零食，零食，罐头，狗狗罐头', '15', '0', '1');

INSERT INTO `tb_goods` VALUES ('1010051', '3', '7', '小型犬挑食及美毛配方成犬全价犬粮', '明眼美毛 小型犬精准定制配方','冠能','800g','袋', '72.00', '56.00','1010001i.jpg', '465','15551','1231', '1010001d01.jpg,1010001d02.jpg,1010001d03.jpg,1010001d04.jpg,1010001d05.jpg,1010001d06.jpg,1010001d07.jpg,1010001d08.jpg,1010001d09.jpg,1010001d10.jpg,1010001d11.jpg,1010001d12.jpg,1010001d13.jpg,1010001d14.jpg,1010001d15.jpg,1010001d16.jpg,1010001d17.jpg,1010001d18.jpg,1010001d19.jpg,1010001d20.jpg,1010001d21.jpg,1010001d22.jpg,1010001d23.jpg,1010001d24.jpg,1010001d25.jpg,1010001d26.jpg,1010001d27.jpg,1010001d28.jpg,1010001d29.jpg,1010001d30.jpg,1010001d31.jpg,1010001d32.jpg,1010001d33.jpg', '狗狗餐具，狗狗日用，食盒，餐具，食盆', '1651', '1', '1');
INSERT INTO `tb_goods` VALUES ('1010052', '3', '7', '低敏无谷中大型成犬粮', '专为中大型犬研发 不含谷物 不易过敏 营养好吸收','伯纳天纯','10kg','袋', '480.00', '339.00','1010002i.jpg', '165','18565','89545', '1010002d01.jpg,1010002d02.jpg,1010002d03.jpg,1010002d04.jpg,1010002d05.jpg,1010002d06.jpg,1010002d07.jpg,1010002d08.jpg,1010002d09.jpg,1010002d10.jpg,1010002d11.jpg,1010002d12.jpg,1010002d13.jpg,1010002d14.jpg,1010002d15.jpg,1010002d16.jpg,1010002d17.jpg,1010002d18.jpg,1010002d19.jpg,1010002d20.jpg,1010002d21.jpg,1010002d22.jpg,1010002d23.jpg,1010002d24.jpg', '狗狗餐具，狗狗日用，食盒，餐具，食盆', '156', '1', '1');
INSERT INTO `tb_goods` VALUES ('1010053', '3', '7', '牛肉双拼系列 贵宾专用牛肉双拼成犬粮', '美味双拼 味觉享受 营养搭配','麦富迪','2kg','袋', '70.68', '58.90','1010003i.jpg', '123','8415','15614', '1010003d01.jpg,1010003d02.jpg,1010003d03.jpg,1010003d04.jpg,1010003d05.jpg,1010003d06.jpg,1010003d07.jpg,1010003d08.jpg,1010003d09.jpg,1010003d10.jpg,1010003d11.jpg,1010003d12.jpg,1010003d13.jpg,1010003d14.jpg,1010003d15.jpg,1010003d16.jpg,1010003d17.jpg,1010003d18.jpg,1010003d19.jpg,1010003d20.jpg', '狗狗餐具，狗狗日用，食盒，餐具，食盆', '26', '1', '1');
INSERT INTO `tb_goods` VALUES ('1010054', '3', '7', '天然低敏 中大型犬 成犬粮', '健胃促吸收 蓬松亮毛 体态优化 健骨护关节','伯纳天纯','15kg','袋', '585.60', '488.00','1010005i.jpg', '2156','15551','1231', '1010002d01.jpg,1010002d02.jpg,1010002d03.jpg,1010002d04.jpg,1010002d05.jpg,1010002d06.jpg,1010002d07.jpg,1010002d08.jpg,1010002d09.jpg,1010002d10.jpg,1010002d11.jpg,1010002d12.jpg,1010002d13.jpg,1010002d14.jpg,1010002d15.jpg,1010002d16.jpg,1010002d17.jpg,1010002d18.jpg,1010002d19.jpg,1010002d20.jpg,1010002d21.jpg,1010002d22.jpg,1010002d23.jpg,1010002d24.jpg', '狗狗餐具，狗狗日用，食盒，餐具，食盆', '156', '0', '1');
INSERT INTO `tb_goods` VALUES ('1010055', '3', '7', '三文鱼成犬粮 大颗粒 拆零', '英国原装进口 挪威三文鱼 抗敏感美毛无谷天然粮','比瑞吉','20kg','袋', '594.00', '495.00','1010006i.jpg', '265','2646','7641', '1010007d01.jpg', '狗狗餐具，狗狗日用，食盒，餐具，食盆', '1561', '1', '1');
INSERT INTO `tb_goods` VALUES ('1010056', '3', '7', '健康型天然粮 大型犬成犬粮', '护关节 强心脏 易消化 保鲜拉链密封','比瑞吉','20kg','袋', '594.00', '495.00','1010006i.jpg', '265','2646','7641', '1010007d01.jpg', '狗狗餐具，狗狗日用，食盒，餐具，食盆', '1561', '1', '1');
INSERT INTO `tb_goods` VALUES ('1010057', '3', '7', '三文鱼成犬粮 大颗粒 拆零', '英国原装进口 挪威三文鱼 抗敏感美毛无谷天然粮','海洋之星','500g','袋', '40.00', '32.00','1010007i.jpg', '4156', '1232', '1454', '1010007d01.jpg', '狗狗餐具，狗狗日用，食盒，餐具，食盆', '1564', '1', '1');
INSERT INTO `tb_goods` VALUES ('1010058', '3', '7', '健康型天然粮 小型犬成犬粮 拆零', '泰迪贵宾比熊雪纳瑞专用 含胡萝卜粉末 缓解泪痕 美皮毛 防老化','比瑞吉','500g','袋', '20.00', '18.00','1010008i.jpg', '15', '658', '453', '1010007d01.jpg', '狗狗餐具，狗狗日用，食盒，餐具，食盆', '152', '1', '1');
INSERT INTO `tb_goods` VALUES ('1010059', '3', '7', '鸡肉中草药蔬菜营养成犬粮 拆零', '澳宝升级经典系列 添加中草药精华 健护肠胃','雷米高','500g','袋', '7.80', '6.50','1010009i.jpg', '98', '454', '688', '1010007d01.jpg', '狗狗餐具，狗狗日用，食盒，餐具，食盆', '4865', '0', '0');

INSERT INTO `tb_goods` VALUES ('1010060', '3', '8', '大型犬幼犬全价犬粮', '雀巢旗下犬粮 经典配方 助消化 促成长','冠能','12kg','袋', '708.00', '559.00','1020001i.jpg', '2131','2815','16513', '1010001d01.jpg,1010001d02.jpg,1010001d03.jpg,1010001d04.jpg,1010001d05.jpg,1010001d06.jpg,1010001d07.jpg,1010001d08.jpg,1010001d09.jpg,1010001d10.jpg,1010001d11.jpg,1010001d12.jpg,1010001d13.jpg,1010001d14.jpg,1010001d15.jpg,1010001d16.jpg,1010001d17.jpg,1010001d18.jpg,1010001d19.jpg,1010001d20.jpg,1010001d21.jpg,1010001d22.jpg,1010001d23.jpg,1010001d24.jpg,1010001d25.jpg,1010001d26.jpg,1010001d27.jpg,1010001d28.jpg,1010001d29.jpg,1010001d30.jpg,1010001d31.jpg,1010001d32.jpg,1010001d33.jpg', '住所，狗狗住所，狗狗日用', '641', '1', '1');
INSERT INTO `tb_goods` VALUES ('1010061', '3', '8', '健康型天然粮 小型犬幼犬粮', '泰迪贵宾比熊雪纳瑞专用 易消化 优排便 亮毛发','比瑞吉','1.5kg','袋', '102.00', '85.00','1020002i.jpg', '165','2562','15310', '1010007d01.jpg', '住所，狗狗住所，狗狗日用', '941', '1', '1');
INSERT INTO `tb_goods` VALUES ('1010062', '3', '8', '天然低敏 中大型犬 幼犬粮', '亮泽被毛 强化免疫 益智明目 促进骨骼牙齿生长','伯纳天纯','15kg','袋', '598.80', '499.00','1010004i.jpg', '235','59845','45415', '1010004d01.jpg,1010004d02.jpg,1010004d03.jpg,1010004d04.jpg,1010004d05.jpg,1010004d06.jpg', '住所，狗狗住所，狗狗日用', '262', '1', '1');
INSERT INTO `tb_goods` VALUES ('1010063', '3', '8', '小型犬幼犬粮', '深海鱼油配方 均衡营养 美毛犬粮 亚太区总厂新鲜直供','优卡EuKanuba','20kg','袋', '1068.00', '890.00','1020003i.jpg', '156', '1235', '15236', '1010007d01.jpg', '住所，狗狗住所，狗狗日用', '5225', '1', '1');
INSERT INTO `tb_goods` VALUES ('1010064', '3', '8', '天然低敏 中大型犬 幼犬粮 拆零', '亮泽被毛 强化免疫 益智明目 促进骨骼牙齿生长','伯纳天纯','500g','袋', '20.50', '17.00','1020005i.jpg', '248', '577', '5430', '1010007d01.jpg', '住所，狗狗住所，狗狗日用', '1274', '1', '1');
INSERT INTO `tb_goods` VALUES ('1010065', '3', '8', '深海鱼幼犬粮 大颗粒 拆零', '英国原装进口 挪威深海鱼 抗敏感美毛无谷天然粮','海洋之星','500g','袋', '40.00', '32.00','1020006i.jpg', '402', '1235', '4532', '1010007d01.jpg', '住所，狗狗住所，狗狗日用', '6536', '1', '1');
INSERT INTO `tb_goods` VALUES ('1010066', '3', '8', '天然活力繁育配方 幼母犬粮 拆零', '无谷物添加 独特营养配方 高蛋白 特别适用于幼母犬营养补充 增强免疫','发育宝','500g','袋', '18.00', '15.00','1020007i.jpg', '20', '78', '245', '1010007d01.jpg', '住所，狗狗住所，狗狗日用', '2365', '1', '1');
INSERT INTO `tb_goods` VALUES ('1010067', '3', '8', '深海鱼幼犬粮 小颗粒 拆零', '英国原装进口 挪威深海鱼 抗敏感美毛无谷天然粮','海洋之星','500g','袋', '41.00', '33.00','1020008i.jpg', '4757', '797', '1532', '1010007d01.jpg', '住所，狗狗住所，狗狗日用', '656', '1', '1');

INSERT INTO `tb_goods` VALUES ('1010068', '3', '9', '处方粮系列 a/d重点护理配方犬罐', '希尔思 美国原装进口 香港利农直供 为经历重病/意外受伤或手术后初愈的犬猫提供营养补给','希尔斯/希尔思Hills','156g','罐', '156.00', '122.00','1010018.jpg', '545', '276', '4867','1030001d.jpg', '狗狗玩具，狗狗日用，训练', '153', '1', '1');
INSERT INTO `tb_goods` VALUES ('1010069', '3', '9', '处方狗粮系列 L/d 肝脏健康配方全犬粮', '美国原装进口 香港利农直供 易消化 维持血压正常','希尔斯/希尔思Hills','6kg','罐', '111.00', '110.50','1010019.jpg', '678', '135', '151', '1030001d.jpg', '狗狗玩具，狗狗日用，训练', '456', '1', '1');
INSERT INTO `tb_goods` VALUES ('1010070', '3', '9', '犬用肠道处方罐头', '适用食欲不振 肠道问题 术后恢复','德国原装进口克劳德医生','200g','罐', '45.00', '36.00','1010020.jpg', '456', '4684', '1564', '1030001d.jpg', '狗狗玩具，狗狗日用，训练', '64', '0', '1');
INSERT INTO `tb_goods` VALUES ('1010071', '3', '9', '处方狗粮系列 i/d肠胃保健配方全犬罐头', '美国原装进口 香港利农直供 促进消化机能健康 维持肠胃健康','希尔斯/希尔思Hills','370g','罐', '89.00', '78.00','1010021.jpg', '78', '46345', '1565', '1030001d.jpg', '狗狗玩具，狗狗日用，训练', '984', '0', '1');
INSERT INTO `tb_goods` VALUES ('1010072', '3', '9', '犬用胃肠疾患膳食铝罐头', '朗跃关注狗狗健康成长：消化系统患疾（胃肠炎、结肠炎等）改善 术后恢复期增加能量 厌食症、消化不良等调节','朗跃','100g','罐', '56.00', '50.00','1010022.jpg', '45', '1456', '456', '1030001d.jpg', '狗狗玩具，狗狗日用，训练', '942', '0', '1');
INSERT INTO `tb_goods` VALUES ('1010073', '3', '9', '犬用肝脏处方粮', '适用肝脏疾病和肝功能衰竭的爱犬','德国原装进口克劳德医生','1kg','袋', '45.00', '40.00','1010023.jpg', '786', '968', '4654', '1030001d.jpg', '狗狗玩具，狗狗日用，训练', '526', '0', '1');
INSERT INTO `tb_goods` VALUES ('1010075', '3', '9', '处方狗粮系列 r/d 超重犬专用罐头', '美国原装进口 香港利农直供 均衡营养 好消化 减脂配方 控制体型','希尔斯/希尔思Hills','370g','个', '67.00', '58.00','1010024.jpg', '46', '4656', '1555', '1030001d.jpg', '狗狗玩具，狗狗日用，训练', '646', '0', '1');
INSERT INTO `tb_goods` VALUES ('1010074', '3', '9', '处方狗粮系列 L/d 肝脏健康配方全犬粮', '美国原装进口 香港利农直供 易消化 维持血压正常','希尔斯/希尔思Hills','6kg','罐', '111.00', '110.50','1010025.jpg', '678', '135', '151', '1030001d.jpg', '狗狗玩具，狗狗日用，训练', '456', '1', '1');

INSERT INTO `tb_goods` VALUES ('1010076', '3', '10', '奶酪小馒头', '脆爽好口感 营养消臭 厂家换新 新老包装随机发','顽皮Wanpy','220g','包', '14.40', '12.00','1010026i.jpg', '2561', '782', '2752', '1040001d.jpg.jpg', '狗狗医疗，狗狗驱虫，加强免疫，狗狗皮肤病', '151', '1', '1');
INSERT INTO `tb_goods` VALUES ('1010077', '3', '10', '狗狗零食 清口香系列', '帮助狗狗磨牙健齿 清新口气','麦富迪','牛肉味','个', '23.80', '19.90','1010027i.jpg', '54', '4252', '454', '1040001d.jpg.jpg', '狗狗医疗，狗狗驱虫，加强免疫，狗狗皮肤病', '988', '0', '1');
INSERT INTO `tb_goods` VALUES ('1010078', '3', '10', '犬用蔬菜营养小号结骨', '优质磨牙零食 营养补充 清洁牙齿 清新口气','贝尔思味特','120g','袋', '10.00', '8.00','1010028i.jpg', '534', '545', '123', '1040001d.jpg.jpg', '狗狗医疗，狗狗驱虫，加强免疫，狗狗皮肤病', '646', '0', '1');
INSERT INTO `tb_goods` VALUES ('1010079', '3', '10', '犬用半式鲨鱼软骨', '天然 无添加 无色素 富含鲨鱼软骨素 关节保健零食 易掰断喂食','泰国原装进口BOKBOK','50g','袋', '78.00', '75.50','1010029i.jpg', '86', '128', '787', '1040001d.jpg.jpg', '狗狗医疗，狗狗驱虫，加强免疫，狗狗皮肤病', '564', '1', '1');
INSERT INTO `tb_goods` VALUES ('1010080', '3', '10', '犬用除臭饼干袋装', '补钙增体力 缓解疲劳 低脂易吸收','拍拖宝贝','100g','袋', '65.00', '61.50','1010030i.jpg', '12', '4542', '1458', '1040001d.jpg.jpg', '狗狗医疗，狗狗驱虫，加强免疫，狗狗皮肤病', '46456', '0', '1');
INSERT INTO `tb_goods` VALUES ('1010081', '3', '10', '健齿咬胶系列 蔬菜营养棒', '一包足足50根 消磨时间最佳选择 特含芹菜籽油（安全清新口气特效法宝）','禾仕嘉','500g','袋', '75.00', '70.02','1010031i.jpg', '79', '897', '786', '1040001d.jpg.jpg', '狗狗医疗，狗狗驱虫，加强免疫，狗狗皮肤病', '131', '0', '1');
INSERT INTO `tb_goods` VALUES ('1010082', '3', '10', '花生味夹肉洁齿骨', '好消化 健齿洁牙','迷你2.5寸/8支','迷你2.5寸/8支','袋', '94.00', '88.88','1010032i.jpg', '73', '425', '45', '1040001d.jpg.jpg', '狗狗医疗，狗狗驱虫，加强免疫，狗狗皮肤病', '87', '1', '1');
INSERT INTO `tb_goods` VALUES ('1010083', '3', '10', '犬用蔬菜营养小号磨牙棒', '优质磨牙零食 营养补充 清洁牙齿 清新口气','贝尔思味特','12g','袋', '15.00', '5.00','1010033i.jpg', '138', '387', '453', '1040001d.jpg.jpg', '狗狗医疗，狗狗驱虫，加强免疫，狗狗皮肤病', '456', '1', '1');

INSERT INTO `tb_goods` VALUES ('1010084', '4', '11', '冻干牛肝犬零食', '纯肉入料 高蛋白看得见原料的脱水零食','TOMI','60g','个', '64.00', '60.00','1010034i.jpg', '415', '5256', '6387', '1050001d.jpg', '猫咪，猫粮，猫咪主粮，幼猫粮', '6587', '1', '1');
INSERT INTO `tb_goods` VALUES ('1010085', '4', '11', '牛肉味狗狗营养酱', '纯肉入料 高蛋白看得见原料的脱水零食','美国原装进口Petchup佩茄普','340g','个', '64.00', '60.00','1010035i.jpg', '415', '5256', '6387', '1050001d.jpg', '猫咪，猫粮，猫咪主粮，幼猫粮', '6587', '1', '1');
INSERT INTO `tb_goods` VALUES ('1010086', '4', '11', '犬用鲨鱼肉干块', '纯肉入料 高蛋白看得见原料的脱水零食','泰国原装进口BOKBOK','50g','个', '78.00', '70.44','1010036i.jpg', '415', '1526', '4554', '1050001d.jpg', '猫咪，猫粮，猫咪主粮，幼猫粮', '798', '1', '1');
INSERT INTO `tb_goods` VALUES ('1010087', '4', '11', '狗零食 奢华营养罐装牛肉粒', '纯肉入料 高蛋白看得见原料的脱水零食','麦富迪','180g','个', '88.99', '88.88','1010037i.jpg', '415', '5026', '545', '1050001d.jpg', '猫咪，猫粮，猫咪主粮，幼猫粮', '784', '1', '1');
INSERT INTO `tb_goods` VALUES ('1010088', '4', '11', '醇香牛肉棒', '纯肉入料 高蛋白看得见原料的脱水零食','顽皮Wanpy','400g','个', '67.00', '66.66','1010038i.jpg', '415', '685', '155', '1050001d.jpg', '猫咪，猫粮，猫咪主粮，幼猫粮', '784', '1', '1');
INSERT INTO `tb_goods` VALUES ('1010089', '4', '11', '电影零食系列 鸡米球', '纯肉入料 高蛋白看得见原料的脱水零食','麦富迪','200g','个', '76.44', '65.44','1010039i.jpg', '415', '766', '12', '1050001d.jpg', '猫咪，猫粮，猫咪主粮，幼猫粮', '415', '1', '1');
INSERT INTO `tb_goods` VALUES ('1010090', '4', '11', '干燥鸡小胸肉丝', '纯肉入料 高蛋白看得见原料的脱水零食','拍拖宝贝','200g','个', '65.54', '60.00','1010040i.jpg', '415', '987', '547', '1050001d.jpg', '猫咪，猫粮，猫咪主粮，幼猫粮', '674', '1', '1');
INSERT INTO `tb_goods` VALUES ('1010091', '4', '11', '爱嚼鸡小胸肉片', '纯肉入料 高蛋白看得见原料的脱水零食','拍拖宝贝','200g','个', '46.00', '40.00','1010041i.jpg', '415', '654', '445', '1050001d.jpg', '猫咪，猫粮，猫咪主粮，幼猫粮', '128', '1', '1');

INSERT INTO `tb_goods` VALUES ('1010092', '4', '12', '畅销全球 超级美味 Cesar西莎餐盒 经典系列 ', '畅销澳洲原装进口 满满肉块提供均衡营养','brandName','牛肉加蔬菜','个', '67.00', '63.00','1010042i.jpg', '415', '165', '45', '1060001d.jpg', '猫咪，猫咪主粮，猫粮，成猫粮', '974', '1', '1');
INSERT INTO `tb_goods` VALUES ('1010093', '4', '12', '畅销全球 超级美味 Cesar西莎餐盒 经典系列', '畅销澳洲原装进口 满满肉块提供均衡营养','brandName','乡村嫩烧小羊肉 100g','个', '65.00', '61.00','1010043i.jpg', '415', '231', '954', '1060001d.jpg', '猫咪，猫咪主粮，猫粮，成猫粮', '524', '0', '1');
INSERT INTO `tb_goods` VALUES ('1010094', '4', '12', 'Fit系列活力辅酶Q10狗罐头', '畅销澳洲原装进口 满满肉块提供均衡营养','纽萃宝Nutripe','羊肉口味 95g','个', '13.00', '10.00','1010044i.jpg', '894', '65', '645', '1060001d.jpg', '猫咪，猫咪主粮，猫粮，成猫粮', '6856', '0', '1');
INSERT INTO `tb_goods` VALUES ('1010095', '4', '12', '成犬 牛肉妙鲜包', '经典湿粮 超级适口性 畅销80年 成犬专用','宝路','100g*12袋装','个', '78.00', '70.00','1010045i.jpg', '894', '453', '4131', '1060001d.jpg', '猫咪，猫咪主粮，猫粮，成猫粮', '4645', '0', '1');
INSERT INTO `tb_goods` VALUES ('1010096', '4', '12', '无谷什蔬鸡肉狗罐', 'WDJ推荐品牌罐头 精选食材 大肉块/肉丝','美国原装进口 唯美味weruva','无谷什蔬鸡肉狗罐 156g','个', '94.45', '90.00','1010046i.jpg', '894', '311', '138', '1060001d.jpg', '猫咪，猫咪主粮，猫粮，成猫粮', '45', '0', '1');
INSERT INTO `tb_goods` VALUES ('1010097', '4', '12', '嫩牛块酱炖青豆胡萝卜狗罐头', '新西兰被认定为最安全健康的畜牧环境 罐头采用人用级食材（草饲牛、非转基因果蔬）','新西兰原装进口 普尔沛','375g','个', '67.44', '67.00','1010047i.jpg', '894', '846', '1321', '1060001d.jpg', '猫咪，猫咪主粮，猫粮，成猫粮', '364', '0', '1');
INSERT INTO `tb_goods` VALUES ('1010098', '4', '12', '鸡肉狗罐头', '畅销澳洲原装进口 满满肉块提供均衡营养','新西兰原装进口KIWI KITCHENS','170g','个', '67.11', '56.00','1010048i.jpg', '894', '1435', '854', '1060001d.jpg', '猫咪，猫咪主粮，猫粮，成猫粮', '125', '0', '1');
INSERT INTO `tb_goods` VALUES ('1010099', '4', '12', '鹿肉狗罐头', '一罐装下93%鲜肉 完整取材一种动物','新西兰原装进口KIWI KITCHENS','170g','个', '45.00', '43.00','1010049i.jpg', '894', '135', '1023', '1060001d.jpg', '猫咪，猫咪主粮，猫粮，成猫粮', '15', '0', '1');

INSERT INTO `tb_goods` VALUES ('1010100', '4', '13', '大型犬幼犬全价犬粮', '雀巢旗下犬粮 经典配方 助消化 促成长','冠能','12kg','袋', '708.00', '559.00','1020001i.jpg', '2131','2815','16513', '1010001d01.jpg,1010001d02.jpg,1010001d03.jpg,1010001d04.jpg,1010001d05.jpg,1010001d06.jpg,1010001d07.jpg,1010001d08.jpg,1010001d09.jpg,1010001d10.jpg,1010001d11.jpg,1010001d12.jpg,1010001d13.jpg,1010001d14.jpg,1010001d15.jpg,1010001d16.jpg,1010001d17.jpg,1010001d18.jpg,1010001d19.jpg,1010001d20.jpg,1010001d21.jpg,1010001d22.jpg,1010001d23.jpg,1010001d24.jpg,1010001d25.jpg,1010001d26.jpg,1010001d27.jpg,1010001d28.jpg,1010001d29.jpg,1010001d30.jpg,1010001d31.jpg,1010001d32.jpg,1010001d33.jpg', '猫咪日用，猫咪餐具，猫咪餐具，猫咪食盆', '641', '1', '1');
INSERT INTO `tb_goods` VALUES ('1010101', '4', '13', '健康型天然粮 小型犬幼犬粮', '泰迪贵宾比熊雪纳瑞专用 易消化 优排便 亮毛发','比瑞吉','1.5kg','袋', '102.00', '85.00','1020002i.jpg', '165','2562','15310', '1010007d01.jpg', '猫咪日用，猫咪餐具，猫咪餐具，猫咪食盆', '941', '1', '1');
INSERT INTO `tb_goods` VALUES ('1010102', '4', '13', '天然低敏 中大型犬 幼犬粮', '亮泽被毛 强化免疫 益智明目 促进骨骼牙齿生长','伯纳天纯','15kg','袋', '598.80', '499.00','1010004i.jpg', '235','59845','45415', '1010004d01.jpg,1010004d02.jpg,1010004d03.jpg,1010004d04.jpg,1010004d05.jpg,1010004d06.jpg', '猫咪日用，猫咪餐具，猫咪餐具，猫咪食盆', '262', '1', '1');
INSERT INTO `tb_goods` VALUES ('1010103', '4', '13', '小型犬幼犬粮', '深海鱼油配方 均衡营养 美毛犬粮 亚太区总厂新鲜直供','优卡EuKanuba','20kg','袋', '1068.00', '890.00','1020003i.jpg', '156', '1235', '15236', '1010007d01.jpg', '猫咪日用，猫咪餐具，猫咪餐具，猫咪食盆', '5225', '1', '1');
INSERT INTO `tb_goods` VALUES ('1010104', '4', '13', '天然低敏 中大型犬 幼犬粮 拆零', '亮泽被毛 强化免疫 益智明目 促进骨骼牙齿生长','伯纳天纯','500g','袋', '20.50', '17.00','1020005i.jpg', '248', '577', '5430', '1010007d01.jpg', '猫咪日用，猫咪餐具，猫咪餐具，猫咪食盆', '1274', '1', '1');
INSERT INTO `tb_goods` VALUES ('1010105', '4', '13', '深海鱼幼犬粮 大颗粒 拆零', '英国原装进口 挪威深海鱼 抗敏感美毛无谷天然粮','海洋之星','500g','袋', '40.00', '32.00','1020006i.jpg', '402', '1235', '4532', '1010007d01.jpg', '猫咪日用，猫咪餐具，猫咪餐具，猫咪食盆', '6536', '1', '1');
INSERT INTO `tb_goods` VALUES ('1010106', '4', '13', '天然活力繁育配方 幼母犬粮 拆零', '无谷物添加 独特营养配方 高蛋白 特别适用于幼母犬营养补充 增强免疫','发育宝','500g','袋', '18.00', '15.00','1020007i.jpg', '20', '78', '245', '1010007d01.jpg', '猫咪日用，猫咪餐具，猫咪餐具，猫咪食盆', '2365', '1', '1');
INSERT INTO `tb_goods` VALUES ('1010107', '4', '13', '深海鱼幼犬粮 小颗粒 拆零', '英国原装进口 挪威深海鱼 抗敏感美毛无谷天然粮','海洋之星','500g','袋', '41.00', '33.00','1020008i.jpg', '4757', '797', '1532', '1010007d01.jpg', '猫咪日用，猫咪餐具，猫咪餐具，猫咪食盆', '656', '1', '1');

INSERT INTO `tb_goods` VALUES ('1010108', '5', '14', '处方粮系列 a/d重点护理配方犬罐', '希尔思 美国原装进口 香港利农直供 为经历重病/意外受伤或手术后初愈的犬猫提供营养补给','希尔斯/希尔思Hills','156g','罐', '156.00', '122.00','1010018.jpg', '545', '276', '4867','1030001d.jpg', '猫咪零食，零食，猫咪罐头，湿粮', '153', '1', '1');
INSERT INTO `tb_goods` VALUES ('1010109', '5', '14', '处方狗粮系列 L/d 肝脏健康配方全犬粮', '美国原装进口 香港利农直供 易消化 维持血压正常','希尔斯/希尔思Hills','6kg','罐', '111.00', '110.50','1010019.jpg', '678', '135', '151', '1030001d.jpg', '猫咪零食，零食，猫咪罐头，湿粮', '456', '1', '1');
INSERT INTO `tb_goods` VALUES ('1010110', '5', '14', '犬用肠道处方罐头', '适用食欲不振 肠道问题 术后恢复','德国原装进口克劳德医生','200g','罐', '45.00', '36.00','1010020.jpg', '456', '4684', '1564', '1030001d.jpg', '猫咪零食，零食，猫咪罐头，湿粮', '64', '0', '1');
INSERT INTO `tb_goods` VALUES ('1010111', '5', '14', '处方狗粮系列 i/d肠胃保健配方全犬罐头', '美国原装进口 香港利农直供 促进消化机能健康 维持肠胃健康','希尔斯/希尔思Hills','370g','罐', '89.00', '78.00','1010021.jpg', '78', '46345', '1565', '1030001d.jpg', '猫咪零食，零食，猫咪罐头，湿粮', '984', '0', '1');
INSERT INTO `tb_goods` VALUES ('1010112', '5', '14', '犬用胃肠疾患膳食铝罐头', '朗跃关注狗狗健康成长：消化系统患疾（胃肠炎、结肠炎等）改善 术后恢复期增加能量 厌食症、消化不良等调节','朗跃','100g','罐', '56.00', '50.00','1010022.jpg', '45', '1456', '456', '1030001d.jpg', '猫咪零食，零食，猫咪罐头，湿粮', '942', '0', '1');
INSERT INTO `tb_goods` VALUES ('1010113', '5', '14', '犬用肝脏处方粮', '适用肝脏疾病和肝功能衰竭的爱犬','德国原装进口克劳德医生','1kg','袋', '45.00', '40.00','1010023.jpg', '786', '968', '4654', '1030001d.jpg', '猫咪零食，零食，猫咪罐头，湿粮', '526', '0', '1');
INSERT INTO `tb_goods` VALUES ('1010115', '5', '14', '处方狗粮系列 r/d 超重犬专用罐头', '美国原装进口 香港利农直供 均衡营养 好消化 减脂配方 控制体型','希尔斯/希尔思Hills','370g','个', '67.00', '58.00','1010024.jpg', '46', '4656', '1555', '1030001d.jpg', '猫咪零食，零食，猫咪罐头，湿粮', '646', '0', '1');
INSERT INTO `tb_goods` VALUES ('1010114', '5', '14', '处方狗粮系列 L/d 肝脏健康配方全犬粮', '美国原装进口 香港利农直供 易消化 维持血压正常','希尔斯/希尔思Hills','6kg','罐', '111.00', '110.50','1010025.jpg', '678', '135', '151', '1030001d.jpg', '猫咪零食，零食，猫咪罐头，湿粮', '456', '1', '1');

INSERT INTO `tb_goods` VALUES ('1010116', '5', '15', '奶酪小馒头', '脆爽好口感 营养消臭 厂家换新 新老包装随机发','顽皮Wanpy','220g','包', '14.40', '12.00','1010026i.jpg', '2561', '782', '2752', '1040001d.jpg.jpg', '猫咪零食，猫咪，美味零食', '151', '1', '1');
INSERT INTO `tb_goods` VALUES ('1010117', '5', '15', '狗狗零食 清口香系列', '帮助狗狗磨牙健齿 清新口气','麦富迪','牛肉味','个', '23.80', '19.90','1010027i.jpg', '54', '4252', '454', '1040001d.jpg.jpg', '猫咪零食，猫咪，美味零食', '988', '0', '1');
INSERT INTO `tb_goods` VALUES ('1010118', '5', '15', '犬用蔬菜营养小号结骨', '优质磨牙零食 营养补充 清洁牙齿 清新口气','贝尔思味特','120g','袋', '10.00', '8.00','1010028i.jpg', '534', '545', '123', '1040001d.jpg.jpg', '猫咪零食，猫咪，美味零食', '646', '0', '1');
INSERT INTO `tb_goods` VALUES ('1010119', '5', '15', '犬用半式鲨鱼软骨', '天然 无添加 无色素 富含鲨鱼软骨素 关节保健零食 易掰断喂食','泰国原装进口BOKBOK','50g','袋', '78.00', '75.50','1010029i.jpg', '86', '128', '787', '1040001d.jpg.jpg', '猫咪零食，猫咪，美味零食', '564', '1', '1');
INSERT INTO `tb_goods` VALUES ('1010120', '5', '15', '犬用除臭饼干袋装', '补钙增体力 缓解疲劳 低脂易吸收','拍拖宝贝','100g','袋', '65.00', '61.50','1010030i.jpg', '12', '4542', '1458', '1040001d.jpg.jpg', '猫咪零食，猫咪，美味零食', '46456', '0', '1');
INSERT INTO `tb_goods` VALUES ('1010121', '5', '15', '健齿咬胶系列 蔬菜营养棒', '一包足足50根 消磨时间最佳选择 特含芹菜籽油（安全清新口气特效法宝）','禾仕嘉','500g','袋', '75.00', '70.02','1010031i.jpg', '79', '897', '786', '1040001d.jpg.jpg', '猫咪零食，猫咪，美味零食', '131', '0', '1');
INSERT INTO `tb_goods` VALUES ('1010122', '5', '15', '花生味夹肉洁齿骨', '好消化 健齿洁牙','迷你2.5寸/8支','迷你2.5寸/8支','袋', '94.00', '88.88','1010032i.jpg', '73', '425', '45', '1040001d.jpg.jpg', '猫咪零食，猫咪，美味零食', '87', '1', '1');
INSERT INTO `tb_goods` VALUES ('1010123', '5', '15', '犬用蔬菜营养小号磨牙棒', '优质磨牙零食 营养补充 清洁牙齿 清新口气','贝尔思味特','12g','袋', '15.00', '5.00','1010033i.jpg', '138', '387', '453', '1040001d.jpg.jpg', '猫咪零食，猫咪，美味零食', '456', '1', '1');

INSERT INTO `tb_goods` VALUES ('1010124', '5', '16', '冻干牛肝犬零食', '纯肉入料 高蛋白看得见原料的脱水零食','TOMI','60g','个', '64.00', '60.00','1010034i.jpg', '415', '5256', '6387', '1050001d.jpg', '猫咪，猫咪零食，猫草薄荷，猫薄荷，薄荷草', '6587', '1', '1');
INSERT INTO `tb_goods` VALUES ('1010125', '5', '16', '牛肉味狗狗营养酱', '纯肉入料 高蛋白看得见原料的脱水零食','美国原装进口Petchup佩茄普','340g','个', '64.00', '60.00','1010035i.jpg', '415', '5256', '6387', '1050001d.jpg', '猫咪，猫咪零食，猫草薄荷，猫薄荷，薄荷草', '6587', '1', '1');
INSERT INTO `tb_goods` VALUES ('1010126', '5', '16', '犬用鲨鱼肉干块', '纯肉入料 高蛋白看得见原料的脱水零食','泰国原装进口BOKBOK','50g','个', '78.00', '70.44','1010036i.jpg', '415', '1526', '4554', '1050001d.jpg', '猫咪，猫咪零食，猫草薄荷，猫薄荷，薄荷草', '798', '1', '1');
INSERT INTO `tb_goods` VALUES ('1010127', '5', '16', '狗零食 奢华营养罐装牛肉粒', '纯肉入料 高蛋白看得见原料的脱水零食','麦富迪','180g','个', '88.99', '88.88','1010037i.jpg', '415', '5026', '545', '1050001d.jpg', '猫咪，猫咪零食，猫草薄荷，猫薄荷，薄荷草', '784', '1', '1');
INSERT INTO `tb_goods` VALUES ('1010128', '5', '16', '醇香牛肉棒', '纯肉入料 高蛋白看得见原料的脱水零食','顽皮Wanpy','400g','个', '67.00', '66.66','1010038i.jpg', '415', '685', '155', '1050001d.jpg', '猫咪，猫咪零食，猫草薄荷，猫薄荷，薄荷草', '784', '1', '1');
INSERT INTO `tb_goods` VALUES ('1010129', '5', '16', '电影零食系列 鸡米球', '纯肉入料 高蛋白看得见原料的脱水零食','麦富迪','200g','个', '76.44', '65.44','1010039i.jpg', '415', '766', '12', '1050001d.jpg', '猫咪，猫咪零食，猫草薄荷，猫薄荷，薄荷草', '415', '1', '1');
INSERT INTO `tb_goods` VALUES ('1010130', '5', '16', '干燥鸡小胸肉丝', '纯肉入料 高蛋白看得见原料的脱水零食','拍拖宝贝','200g','个', '65.54', '60.00','1010040i.jpg', '415', '987', '547', '1050001d.jpg', '猫咪，猫咪零食，猫草薄荷，猫薄荷，薄荷草', '674', '1', '1');
INSERT INTO `tb_goods` VALUES ('1010131', '5', '16', '爱嚼鸡小胸肉片', '纯肉入料 高蛋白看得见原料的脱水零食','拍拖宝贝','200g','个', '46.00', '40.00','1010041i.jpg', '415', '654', '445', '1050001d.jpg', '猫咪，猫咪零食，猫草薄荷，猫薄荷，薄荷草', '128', '1', '1');

INSERT INTO `tb_goods` VALUES ('1010132', '6', '17', '畅销全球 超级美味 Cesar西莎餐盒 经典系列 ', '畅销澳洲原装进口 满满肉块提供均衡营养','brandName','牛肉加蔬菜','个', '67.00', '63.00','1010042i.jpg', '415', '165', '45', '1060001d.jpg', '猫咪日用，猫砂，', '974', '1', '1');
INSERT INTO `tb_goods` VALUES ('1010133', '6', '17', '畅销全球 超级美味 Cesar西莎餐盒 经典系列', '畅销澳洲原装进口 满满肉块提供均衡营养','brandName','乡村嫩烧小羊肉 100g','个', '65.00', '61.00','1010043i.jpg', '415', '231', '954', '1060001d.jpg', '猫咪日用，猫砂，', '524', '0', '1');
INSERT INTO `tb_goods` VALUES ('1010134', '6', '17', 'Fit系列活力辅酶Q10狗罐头', '畅销澳洲原装进口 满满肉块提供均衡营养','纽萃宝Nutripe','羊肉口味 95g','个', '13.00', '10.00','1010044i.jpg', '894', '65', '645', '1060001d.jpg', '猫咪日用，猫砂，', '6856', '0', '1');
INSERT INTO `tb_goods` VALUES ('1010135', '6', '17', '成犬 牛肉妙鲜包', '经典湿粮 超级适口性 畅销80年 成犬专用','宝路','100g*12袋装','个', '78.00', '70.00','1010045i.jpg', '894', '453', '4131', '1060001d.jpg', '猫咪日用，猫砂，', '4645', '0', '1');
INSERT INTO `tb_goods` VALUES ('1010136', '6', '17', '无谷什蔬鸡肉狗罐', 'WDJ推荐品牌罐头 精选食材 大肉块/肉丝','美国原装进口 唯美味weruva','无谷什蔬鸡肉狗罐 156g','个', '94.45', '90.00','1010046i.jpg', '894', '311', '138', '1060001d.jpg', '猫咪日用，猫砂，', '45', '0', '1');
INSERT INTO `tb_goods` VALUES ('1010137', '6', '17', '嫩牛块酱炖青豆胡萝卜狗罐头', '新西兰被认定为最安全健康的畜牧环境 罐头采用人用级食材（草饲牛、非转基因果蔬）','新西兰原装进口 普尔沛','375g','个', '67.44', '67.00','1010047i.jpg', '894', '846', '1321', '1060001d.jpg', '猫咪日用，猫砂，', '364', '0', '1');
INSERT INTO `tb_goods` VALUES ('1010138', '6', '17', '鸡肉狗罐头', '畅销澳洲原装进口 满满肉块提供均衡营养','新西兰原装进口KIWI KITCHENS','170g','个', '67.11', '56.00','1010048i.jpg', '894', '1435', '854', '1060001d.jpg', '猫咪日用，猫砂，', '125', '0', '1');
INSERT INTO `tb_goods` VALUES ('1010139', '6', '17', '鹿肉狗罐头', '一罐装下93%鲜肉 完整取材一种动物','新西兰原装进口KIWI KITCHENS','170g','个', '45.00', '43.00','1010049i.jpg', '894', '135', '1023', '1060001d.jpg', '猫咪日用，猫砂，', '15', '0', '1');

INSERT INTO `tb_goods` VALUES ('1010140', '6', '18', '大型犬幼犬全价犬粮', '雀巢旗下犬粮 经典配方 助消化 促成长','冠能','12kg','袋', '708.00', '559.00','1020001i.jpg', '2131','2815','16513', '1010001d01.jpg,1010001d02.jpg,1010001d03.jpg,1010001d04.jpg,1010001d05.jpg,1010001d06.jpg,1010001d07.jpg,1010001d08.jpg,1010001d09.jpg,1010001d10.jpg,1010001d11.jpg,1010001d12.jpg,1010001d13.jpg,1010001d14.jpg,1010001d15.jpg,1010001d16.jpg,1010001d17.jpg,1010001d18.jpg,1010001d19.jpg,1010001d20.jpg,1010001d21.jpg,1010001d22.jpg,1010001d23.jpg,1010001d24.jpg,1010001d25.jpg,1010001d26.jpg,1010001d27.jpg,1010001d28.jpg,1010001d29.jpg,1010001d30.jpg,1010001d31.jpg,1010001d32.jpg,1010001d33.jpg', '猫咪日用，猫咪餐具，猫咪餐具，猫咪食盆', '641', '1', '1');
INSERT INTO `tb_goods` VALUES ('1010141', '6', '18', '健康型天然粮 小型犬幼犬粮', '泰迪贵宾比熊雪纳瑞专用 易消化 优排便 亮毛发','比瑞吉','1.5kg','袋', '102.00', '85.00','1020002i.jpg', '165','2562','15310', '1010007d01.jpg', '猫咪日用，猫咪餐具，猫咪餐具，猫咪食盆', '941', '1', '1');
INSERT INTO `tb_goods` VALUES ('1010142', '6', '18', '天然低敏 中大型犬 幼犬粮', '亮泽被毛 强化免疫 益智明目 促进骨骼牙齿生长','伯纳天纯','15kg','袋', '598.80', '499.00','1010004i.jpg', '235','59845','45415', '1010004d01.jpg,1010004d02.jpg,1010004d03.jpg,1010004d04.jpg,1010004d05.jpg,1010004d06.jpg', '猫咪日用，猫咪餐具，猫咪餐具，猫咪食盆', '262', '1', '1');
INSERT INTO `tb_goods` VALUES ('1010143', '6', '18', '小型犬幼犬粮', '深海鱼油配方 均衡营养 美毛犬粮 亚太区总厂新鲜直供','优卡EuKanuba','20kg','袋', '1068.00', '890.00','1020003i.jpg', '156', '1235', '15236', '1010007d01.jpg', '猫咪日用，猫咪餐具，猫咪餐具，猫咪食盆', '5225', '1', '1');
INSERT INTO `tb_goods` VALUES ('1010144', '6', '18', '天然低敏 中大型犬 幼犬粮 拆零', '亮泽被毛 强化免疫 益智明目 促进骨骼牙齿生长','伯纳天纯','500g','袋', '20.50', '17.00','1020005i.jpg', '248', '577', '5430', '1010007d01.jpg', '猫咪日用，猫咪餐具，猫咪餐具，猫咪食盆', '1274', '1', '1');
INSERT INTO `tb_goods` VALUES ('1010145', '6', '18', '深海鱼幼犬粮 大颗粒 拆零', '英国原装进口 挪威深海鱼 抗敏感美毛无谷天然粮','海洋之星','500g','袋', '40.00', '32.00','1020006i.jpg', '402', '1235', '4532', '1010007d01.jpg', '猫咪日用，猫咪餐具，猫咪餐具，猫咪食盆', '6536', '1', '1');
INSERT INTO `tb_goods` VALUES ('1010146', '6', '18', '天然活力繁育配方 幼母犬粮 拆零', '无谷物添加 独特营养配方 高蛋白 特别适用于幼母犬营养补充 增强免疫','发育宝','500g','袋', '18.00', '15.00','1020007i.jpg', '20', '78', '245', '1010007d01.jpg', '猫咪日用，猫咪餐具，猫咪餐具，猫咪食盆', '2365', '1', '1');
INSERT INTO `tb_goods` VALUES ('1010147', '6', '18', '深海鱼幼犬粮 小颗粒 拆零', '英国原装进口 挪威深海鱼 抗敏感美毛无谷天然粮','海洋之星','500g','袋', '41.00', '33.00','1020008i.jpg', '4757', '797', '1532', '1010007d01.jpg', '猫咪日用，猫咪餐具，猫咪餐具，猫咪食盆', '656', '1', '1');

INSERT INTO `tb_goods` VALUES ('1010148', '6', '19', '处方粮系列 a/d重点护理配方犬罐', '希尔思 美国原装进口 香港利农直供 为经历重病/意外受伤或手术后初愈的犬猫提供营养补给','希尔斯/希尔思Hills','156g','罐', '156.00', '122.00','1010018.jpg', '545', '276', '4867','1030001d.jpg', '猫咪玩具，猫咪日用', '153', '1', '1');
INSERT INTO `tb_goods` VALUES ('1010149', '6', '19', '处方狗粮系列 L/d 肝脏健康配方全犬粮', '美国原装进口 香港利农直供 易消化 维持血压正常','希尔斯/希尔思Hills','6kg','罐', '111.00', '110.50','1010019.jpg', '678', '135', '151', '1030001d.jpg', '猫咪玩具，猫咪日用', '456', '1', '1');
INSERT INTO `tb_goods` VALUES ('1010150', '6', '19', '犬用肠道处方罐头', '适用食欲不振 肠道问题 术后恢复','德国原装进口克劳德医生','200g','罐', '45.00', '36.00','1010020.jpg', '456', '4684', '1564', '1030001d.jpg', '猫咪玩具，猫咪日用', '64', '0', '1');
INSERT INTO `tb_goods` VALUES ('1010151', '6', '19', '处方狗粮系列 i/d肠胃保健配方全犬罐头', '美国原装进口 香港利农直供 促进消化机能健康 维持肠胃健康','希尔斯/希尔思Hills','370g','罐', '89.00', '78.00','1010021.jpg', '78', '46345', '1565', '1030001d.jpg', '猫咪玩具，猫咪日用', '984', '0', '1');
INSERT INTO `tb_goods` VALUES ('1010152', '6', '19', '犬用胃肠疾患膳食铝罐头', '朗跃关注狗狗健康成长：消化系统患疾（胃肠炎、结肠炎等）改善 术后恢复期增加能量 厌食症、消化不良等调节','朗跃','100g','罐', '56.00', '50.00','1010022.jpg', '45', '1456', '456', '1030001d.jpg', '猫咪玩具，猫咪日用', '942', '0', '1');
INSERT INTO `tb_goods` VALUES ('1010153', '6', '19', '犬用肝脏处方粮', '适用肝脏疾病和肝功能衰竭的爱犬','德国原装进口克劳德医生','1kg','袋', '45.00', '40.00','1010023.jpg', '786', '968', '4654', '1030001d.jpg', '猫咪玩具，猫咪日用', '526', '0', '1');
INSERT INTO `tb_goods` VALUES ('1010155', '6', '19', '处方狗粮系列 r/d 超重犬专用罐头', '美国原装进口 香港利农直供 均衡营养 好消化 减脂配方 控制体型','希尔斯/希尔思Hills','370g','个', '67.00', '58.00','1010024.jpg', '46', '4656', '1555', '1030001d.jpg', '猫咪玩具，猫咪日用', '646', '0', '1');
INSERT INTO `tb_goods` VALUES ('1010154', '6', '19', '处方狗粮系列 L/d 肝脏健康配方全犬粮', '美国原装进口 香港利农直供 易消化 维持血压正常','希尔斯/希尔思Hills','6kg','罐', '111.00', '110.50','1010025.jpg', '678', '135', '151', '1030001d.jpg', '猫咪玩具，猫咪日用', '456', '1', '1');

INSERT INTO `tb_goods` VALUES ('1010156', '6', '20', '奶酪小馒头', '脆爽好口感 营养消臭 厂家换新 新老包装随机发','顽皮Wanpy','220g','包', '14.40', '12.00','1010026i.jpg', '2561', '782', '2752', '1040001d.jpg.jpg', '猫咪医疗，猫咪保健，猫咪皮肤病，猫咪驱虫，猫咪补钙', '151', '1', '1');
INSERT INTO `tb_goods` VALUES ('1010157', '6', '20', '狗狗零食 清口香系列', '帮助狗狗磨牙健齿 清新口气','麦富迪','牛肉味','个', '23.80', '19.90','1010027i.jpg', '54', '4252', '454', '1040001d.jpg.jpg', '猫咪医疗，猫咪保健，猫咪皮肤病，猫咪驱虫，猫咪补钙', '988', '0', '1');
INSERT INTO `tb_goods` VALUES ('1010158', '6', '20', '犬用蔬菜营养小号结骨', '优质磨牙零食 营养补充 清洁牙齿 清新口气','贝尔思味特','120g','袋', '10.00', '8.00','1010028i.jpg', '534', '545', '123', '1040001d.jpg.jpg', '猫咪医疗，猫咪保健，猫咪皮肤病，猫咪驱虫，猫咪补钙', '646', '0', '1');
INSERT INTO `tb_goods` VALUES ('1010159', '6', '20', '犬用半式鲨鱼软骨', '天然 无添加 无色素 富含鲨鱼软骨素 关节保健零食 易掰断喂食','泰国原装进口BOKBOK','50g','袋', '78.00', '75.50','1010029i.jpg', '86', '128', '787', '1040001d.jpg.jpg', '猫咪医疗，猫咪保健，猫咪皮肤病，猫咪驱虫，猫咪补钙', '564', '1', '1');
INSERT INTO `tb_goods` VALUES ('1010160', '6', '20', '犬用除臭饼干袋装', '补钙增体力 缓解疲劳 低脂易吸收','拍拖宝贝','100g','袋', '65.00', '61.50','1010030i.jpg', '12', '4542', '1458', '1040001d.jpg.jpg', '猫咪医疗，猫咪保健，猫咪皮肤病，猫咪驱虫，猫咪补钙', '46456', '0', '1');
INSERT INTO `tb_goods` VALUES ('1010161', '6', '20', '健齿咬胶系列 蔬菜营养棒', '一包足足50根 消磨时间最佳选择 特含芹菜籽油（安全清新口气特效法宝）','禾仕嘉','500g','袋', '75.00', '70.02','1010031i.jpg', '79', '897', '786', '1040001d.jpg.jpg', '猫咪医疗，猫咪保健，猫咪皮肤病，猫咪驱虫，猫咪补钙', '131', '0', '1');
INSERT INTO `tb_goods` VALUES ('1010162', '6', '20', '花生味夹肉洁齿骨', '好消化 健齿洁牙','迷你2.5寸/8支','迷你2.5寸/8支','袋', '94.00', '88.88','1010032i.jpg', '73', '425', '45', '1040001d.jpg.jpg', '猫咪医疗，猫咪保健，猫咪皮肤病，猫咪驱虫，猫咪补钙', '87', '1', '1');
INSERT INTO `tb_goods` VALUES ('1010163', '6', '20', '犬用蔬菜营养小号磨牙棒', '优质磨牙零食 营养补充 清洁牙齿 清新口气','贝尔思味特','12g','袋', '15.00', '5.00','1010033i.jpg', '138', '387', '453', '1040001d.jpg.jpg', '猫咪医疗，猫咪保健，猫咪皮肤病，猫咪驱虫，猫咪补钙', '456', '1', '1');

-- ----------------------------
-- Table structure for tb_goodsAttr
-- ----------------------------
DROP TABLE IF EXISTS `tb_goodsAttr`;
CREATE TABLE `tb_goodsAttr` (
  `goodsAttrId` int(11) NOT NULL AUTO_INCREMENT,
  `goodsId` int(20) DEFAULT NULL,
  `attrName` varchar(20) DEFAULT NULL,
  `attrValue` varchar(40) DEFAULT NULL,
  `price` float DEFAULT NULL,
  `nowPrice` float DEFAULT NULL,
  PRIMARY KEY (`goodsAttrId`),
  KEY `goodsId` (`goodsId`),
  CONSTRAINT `tb_goodsAttr_ibfk_1` FOREIGN KEY (`goodsId`) REFERENCES `tb_goods` (`goodsId`)
) ENGINE=InnoDB AUTO_INCREMENT=7 DEFAULT CHARSET=utf8;

-- INSERT INTO `tb_goodsAttr` VALUES ('goodsAttrId', 'goodsId', 'attrName', 'attrValue');
INSERT INTO `tb_goodsAttr` VALUES ('1', '1010001', '重量', '2.5kg','204.00','169.00');
INSERT INTO `tb_goodsAttr` VALUES ('2', '1010001', '重量', '800g','72.00','56.00');
INSERT INTO `tb_goodsAttr` VALUES ('3', '1010006', '重量', '12kg', '708.00', '559.00');
INSERT INTO `tb_goodsAttr` VALUES ('4', '1010006', '重量', '2.5kg', '202.80', '169.00');
INSERT INTO `tb_goodsAttr` VALUES ('5', '1010007', '重量', '1.5kg', '102.00', '85.00');
INSERT INTO `tb_goodsAttr` VALUES ('6', '1010007', '重量', '10kg', '502.80', '419.00');
INSERT INTO `tb_goodsAttr` VALUES (NULL, '1010018', '重量', '220g', '14.40', '12.00');
INSERT INTO `tb_goodsAttr` VALUES (NULL, '1010018', '重量', '80g', '6.00', '5.00');
INSERT INTO `tb_goodsAttr` VALUES (NULL, '1010019', '口味', '牛肉味', '23.80', '19.90');
INSERT INTO `tb_goodsAttr` VALUES (NULL, '1010019', '口味', '牛奶味', '23.80', '19.90');
INSERT INTO `tb_goodsAttr` VALUES (NULL, '1010019', '口味', '混合味', '23.80', '19.90');

-- ----------------------------
-- Table structure for tb_goodsImg
-- ----------------------------
DROP TABLE IF EXISTS `tb_goodsImg`;
CREATE TABLE `tb_goodsImg` (
  `goodsImgId` int(11) NOT NULL AUTO_INCREMENT,
  `goodsId` int(20) DEFAULT NULL,
  `smallImg` varchar(40) DEFAULT NULL,
  `bigImg` varchar(40) DEFAULT NULL,
  `grantImg` varchar(40) DEFAULT NULL,
  PRIMARY KEY (`goodsImgId`),
  KEY `goodsId` (`goodsId`),
  CONSTRAINT `tb_goodsImg_ibfk_1` FOREIGN KEY (`goodsId`) REFERENCES `tb_goods` (`goodsId`)
) ENGINE=InnoDB AUTO_INCREMENT=1 DEFAULT CHARSET=utf8;

-- INSERT INTO `tb_goodsImg` VALUES ('goodsImgId', 'goodsId', 'smallImg', 'bigImg','grantImg');
INSERT INTO `tb_goodsImg` VALUES (NULL, '1010001', '1010001s01.jpg', '1010001b01.jpg','1010001g01.jpg');
INSERT INTO `tb_goodsImg` VALUES (NULL, '1010001', '1010001s02.jpg', '1010001b02.jpg','1010001g02.jpg');
INSERT INTO `tb_goodsImg` VALUES (NULL, '1010001', '1010001s03.jpg', '1010001b03.jpg','1010001g03.jpg');
INSERT INTO `tb_goodsImg` VALUES (NULL, '1010001', '1010001s04.jpg', '1010001b04.jpg','1010001g04.jpg');
INSERT INTO `tb_goodsImg` VALUES (NULL, '1010002', '1010002s01.jpg', '1010002b01.jpg','1010002g01.jpg');
INSERT INTO `tb_goodsImg` VALUES (NULL, '1010002', '1010002s02.jpg', '1010002b02.jpg','1010002g02.jpg');
INSERT INTO `tb_goodsImg` VALUES (NULL, '1010002', '1010002s03.jpg', '1010002b02.jpg','1010002g03.jpg');
INSERT INTO `tb_goodsImg` VALUES (NULL, '1010003', '1010003s01.jpg', '1010003b01.jpg','1010003g01.jpg');
INSERT INTO `tb_goodsImg` VALUES (NULL, '1010003', '1010003s02.jpg', '1010003b02.jpg','1010003g02.jpg');
INSERT INTO `tb_goodsImg` VALUES (NULL, '1010003', '1010003s03.jpg', '1010003b03.jpg','1010003g03.jpg');
INSERT INTO `tb_goodsImg` VALUES (NULL, '1010003', '1010003s04.jpg', '1010003b04.jpg','1010003g04.jpg');
INSERT INTO `tb_goodsImg` VALUES (NULL, '1010004', '1010004s01.jpg', '1010004b01.jpg','1010004g01.jpg');
INSERT INTO `tb_goodsImg` VALUES (NULL, '1010005', '1010001s01.jpg', '1010001b01.jpg','1010001g01.jpg');
INSERT INTO `tb_goodsImg` VALUES (NULL, '1010005', '1010001s02.jpg', '1010001b02.jpg','1010001g02.jpg');
INSERT INTO `tb_goodsImg` VALUES (NULL, '1010006', '1010001s03.jpg', '1010001b03.jpg','1010001g03.jpg');
INSERT INTO `tb_goodsImg` VALUES (NULL, '1010006', '1010001s04.jpg', '1010001b04.jpg','1010001g04.jpg');
INSERT INTO `tb_goodsImg` VALUES (NULL, '1010007', '1010002s01.jpg', '1010002b01.jpg','1010002g01.jpg');
INSERT INTO `tb_goodsImg` VALUES (NULL, '1010007', '1010002s02.jpg', '1010002b02.jpg','1010002g02.jpg');
INSERT INTO `tb_goodsImg` VALUES (NULL, '1010008', '1010002s03.jpg', '1010002b02.jpg','1010002g03.jpg');
INSERT INTO `tb_goodsImg` VALUES (NULL, '1010008', '1010003s01.jpg', '1010003b01.jpg','1010003g01.jpg');
INSERT INTO `tb_goodsImg` VALUES (NULL, '1010009', '1010003s02.jpg', '1010003b02.jpg','1010003g02.jpg');
INSERT INTO `tb_goodsImg` VALUES (NULL, '1010009', '1010003s03.jpg', '1010003b03.jpg','1010003g03.jpg');

INSERT INTO `tb_goodsImg` VALUES (NULL, '1010010', '1010003s04.jpg', '1010003b04.jpg','1010003g04.jpg');
INSERT INTO `tb_goodsImg` VALUES (NULL, '1010010', '1010004s01.jpg', '1010004b01.jpg','1010004g01.jpg');
INSERT INTO `tb_goodsImg` VALUES (NULL, '1010011', '1010001s01.jpg', '1010001b01.jpg','1010001g01.jpg');
INSERT INTO `tb_goodsImg` VALUES (NULL, '1010011', '1010001s02.jpg', '1010001b02.jpg','1010001g02.jpg');
INSERT INTO `tb_goodsImg` VALUES (NULL, '1010012', '1010001s03.jpg', '1010001b03.jpg','1010001g03.jpg');
INSERT INTO `tb_goodsImg` VALUES (NULL, '1010012', '1010001s04.jpg', '1010001b04.jpg','1010001g04.jpg');
INSERT INTO `tb_goodsImg` VALUES (NULL, '1010013', '1010002s01.jpg', '1010002b01.jpg','1010002g01.jpg');
INSERT INTO `tb_goodsImg` VALUES (NULL, '1010013', '1010002s02.jpg', '1010002b02.jpg','1010002g02.jpg');
INSERT INTO `tb_goodsImg` VALUES (NULL, '1010014', '1010002s03.jpg', '1010002b02.jpg','1010002g03.jpg');
INSERT INTO `tb_goodsImg` VALUES (NULL, '1010014', '1010003s01.jpg', '1010003b01.jpg','1010003g01.jpg');
INSERT INTO `tb_goodsImg` VALUES (NULL, '1010015', '1010003s02.jpg', '1010003b02.jpg','1010003g02.jpg');
INSERT INTO `tb_goodsImg` VALUES (NULL, '1010015', '1010003s03.jpg', '1010003b03.jpg','1010003g03.jpg');
INSERT INTO `tb_goodsImg` VALUES (NULL, '1010016', '1010003s04.jpg', '1010003b04.jpg','1010003g04.jpg');
INSERT INTO `tb_goodsImg` VALUES (NULL, '1010016', '1010004s01.jpg', '1010004b01.jpg','1010004g01.jpg');
INSERT INTO `tb_goodsImg` VALUES (NULL, '1010017', '1010001s01.jpg', '1010001b01.jpg','1010001g01.jpg');
INSERT INTO `tb_goodsImg` VALUES (NULL, '1010017', '1010001s02.jpg', '1010001b02.jpg','1010001g02.jpg');
INSERT INTO `tb_goodsImg` VALUES (NULL, '1010018', '1010001s03.jpg', '1010001b03.jpg','1010001g03.jpg');
INSERT INTO `tb_goodsImg` VALUES (NULL, '1010018', '1010001s04.jpg', '1010001b04.jpg','1010001g04.jpg');
INSERT INTO `tb_goodsImg` VALUES (NULL, '1010019', '1010002s01.jpg', '1010002b01.jpg','1010002g01.jpg');
INSERT INTO `tb_goodsImg` VALUES (NULL, '1010019', '1010002s02.jpg', '1010002b02.jpg','1010002g02.jpg');
INSERT INTO `tb_goodsImg` VALUES (NULL, '1010010', '1010003s04.jpg', '1010003b04.jpg','1010003g04.jpg');
INSERT INTO `tb_goodsImg` VALUES (NULL, '1010010', '1010004s01.jpg', '1010004b01.jpg','1010004g01.jpg');
INSERT INTO `tb_goodsImg` VALUES (NULL, '1010011', '1010001s01.jpg', '1010001b01.jpg','1010001g01.jpg');
INSERT INTO `tb_goodsImg` VALUES (NULL, '1010011', '1010001s02.jpg', '1010001b02.jpg','1010001g02.jpg');
INSERT INTO `tb_goodsImg` VALUES (NULL, '1010012', '1010001s03.jpg', '1010001b03.jpg','1010001g03.jpg');
INSERT INTO `tb_goodsImg` VALUES (NULL, '1010012', '1010001s04.jpg', '1010001b04.jpg','1010001g04.jpg');
INSERT INTO `tb_goodsImg` VALUES (NULL, '1010013', '1010002s01.jpg', '1010002b01.jpg','1010002g01.jpg');
INSERT INTO `tb_goodsImg` VALUES (NULL, '1010013', '1010002s02.jpg', '1010002b02.jpg','1010002g02.jpg');
INSERT INTO `tb_goodsImg` VALUES (NULL, '1010014', '1010002s03.jpg', '1010002b02.jpg','1010002g03.jpg');
INSERT INTO `tb_goodsImg` VALUES (NULL, '1010014', '1010003s01.jpg', '1010003b01.jpg','1010003g01.jpg');
INSERT INTO `tb_goodsImg` VALUES (NULL, '1010015', '1010003s02.jpg', '1010003b02.jpg','1010003g02.jpg');
INSERT INTO `tb_goodsImg` VALUES (NULL, '1010015', '1010003s03.jpg', '1010003b03.jpg','1010003g03.jpg');
INSERT INTO `tb_goodsImg` VALUES (NULL, '1010016', '1010003s04.jpg', '1010003b04.jpg','1010003g04.jpg');
INSERT INTO `tb_goodsImg` VALUES (NULL, '1010016', '1010004s01.jpg', '1010004b01.jpg','1010004g01.jpg');
INSERT INTO `tb_goodsImg` VALUES (NULL, '1010017', '1010001s01.jpg', '1010001b01.jpg','1010001g01.jpg');
INSERT INTO `tb_goodsImg` VALUES (NULL, '1010017', '1010001s02.jpg', '1010001b02.jpg','1010001g02.jpg');
INSERT INTO `tb_goodsImg` VALUES (NULL, '1010018', '1010001s03.jpg', '1010001b03.jpg','1010001g03.jpg');
INSERT INTO `tb_goodsImg` VALUES (NULL, '1010018', '1010001s04.jpg', '1010001b04.jpg','1010001g04.jpg');
INSERT INTO `tb_goodsImg` VALUES (NULL, '1010019', '1010002s01.jpg', '1010002b01.jpg','1010002g01.jpg');
INSERT INTO `tb_goodsImg` VALUES (NULL, '1010019', '1010002s02.jpg', '1010002b02.jpg','1010002g02.jpg');

INSERT INTO `tb_goodsImg` VALUES (NULL, '1010020', '1010003s04.jpg', '1010003b04.jpg','1010003g04.jpg');
INSERT INTO `tb_goodsImg` VALUES (NULL, '1010020', '1010004s01.jpg', '1010004b01.jpg','1010004g01.jpg');
INSERT INTO `tb_goodsImg` VALUES (NULL, '1010021', '1010001s01.jpg', '1010001b01.jpg','1010001g01.jpg');
INSERT INTO `tb_goodsImg` VALUES (NULL, '1010021', '1010001s02.jpg', '1010001b02.jpg','1010001g02.jpg');
INSERT INTO `tb_goodsImg` VALUES (NULL, '1010022', '1010001s03.jpg', '1010001b03.jpg','1010001g03.jpg');
INSERT INTO `tb_goodsImg` VALUES (NULL, '1010022', '1010001s04.jpg', '1010001b04.jpg','1010001g04.jpg');
INSERT INTO `tb_goodsImg` VALUES (NULL, '1010023', '1010002s01.jpg', '1010002b01.jpg','1010002g01.jpg');
INSERT INTO `tb_goodsImg` VALUES (NULL, '1010023', '1010002s02.jpg', '1010002b02.jpg','1010002g02.jpg');
INSERT INTO `tb_goodsImg` VALUES (NULL, '1010024', '1010002s03.jpg', '1010002b02.jpg','1010002g03.jpg');
INSERT INTO `tb_goodsImg` VALUES (NULL, '1010024', '1010003s01.jpg', '1010003b01.jpg','1010003g01.jpg');
INSERT INTO `tb_goodsImg` VALUES (NULL, '1010025', '1010003s02.jpg', '1010003b02.jpg','1010003g02.jpg');
INSERT INTO `tb_goodsImg` VALUES (NULL, '1010025', '1010003s03.jpg', '1010003b03.jpg','1010003g03.jpg');
INSERT INTO `tb_goodsImg` VALUES (NULL, '1010026', '1010003s04.jpg', '1010003b04.jpg','1010003g04.jpg');
INSERT INTO `tb_goodsImg` VALUES (NULL, '1010026', '1010004s01.jpg', '1010004b01.jpg','1010004g01.jpg');
INSERT INTO `tb_goodsImg` VALUES (NULL, '1010027', '1010001s01.jpg', '1010001b01.jpg','1010001g01.jpg');
INSERT INTO `tb_goodsImg` VALUES (NULL, '1010027', '1010001s02.jpg', '1010001b02.jpg','1010001g02.jpg');
INSERT INTO `tb_goodsImg` VALUES (NULL, '1010028', '1010001s03.jpg', '1010001b03.jpg','1010001g03.jpg');
INSERT INTO `tb_goodsImg` VALUES (NULL, '1010028', '1010001s04.jpg', '1010001b04.jpg','1010001g04.jpg');
INSERT INTO `tb_goodsImg` VALUES (NULL, '1010029', '1010002s01.jpg', '1010002b01.jpg','1010002g01.jpg');
INSERT INTO `tb_goodsImg` VALUES (NULL, '1010029', '1010002s02.jpg', '1010002b02.jpg','1010002g02.jpg');

INSERT INTO `tb_goodsImg` VALUES (NULL, '1010030', '1010003s04.jpg', '1010003b04.jpg','1010003g04.jpg');
INSERT INTO `tb_goodsImg` VALUES (NULL, '1010030', '1010004s01.jpg', '1010004b01.jpg','1010004g01.jpg');
INSERT INTO `tb_goodsImg` VALUES (NULL, '1010031', '1010001s01.jpg', '1010001b01.jpg','1010001g01.jpg');
INSERT INTO `tb_goodsImg` VALUES (NULL, '1010031', '1010001s02.jpg', '1010001b02.jpg','1010001g02.jpg');
INSERT INTO `tb_goodsImg` VALUES (NULL, '1010032', '1010001s03.jpg', '1010001b03.jpg','1010001g03.jpg');
INSERT INTO `tb_goodsImg` VALUES (NULL, '1010032', '1010001s04.jpg', '1010001b04.jpg','1010001g04.jpg');
INSERT INTO `tb_goodsImg` VALUES (NULL, '1010033', '1010002s01.jpg', '1010002b01.jpg','1010002g01.jpg');
INSERT INTO `tb_goodsImg` VALUES (NULL, '1010033', '1010002s02.jpg', '1010002b02.jpg','1010002g02.jpg');
INSERT INTO `tb_goodsImg` VALUES (NULL, '1010034', '1010002s03.jpg', '1010002b02.jpg','1010002g03.jpg');
INSERT INTO `tb_goodsImg` VALUES (NULL, '1010034', '1010003s01.jpg', '1010003b01.jpg','1010003g01.jpg');
INSERT INTO `tb_goodsImg` VALUES (NULL, '1010035', '1010003s02.jpg', '1010003b02.jpg','1010003g02.jpg');
INSERT INTO `tb_goodsImg` VALUES (NULL, '1010035', '1010003s03.jpg', '1010003b03.jpg','1010003g03.jpg');
INSERT INTO `tb_goodsImg` VALUES (NULL, '1010036', '1010003s04.jpg', '1010003b04.jpg','1010003g04.jpg');
INSERT INTO `tb_goodsImg` VALUES (NULL, '1010036', '1010004s01.jpg', '1010004b01.jpg','1010004g01.jpg');
INSERT INTO `tb_goodsImg` VALUES (NULL, '1010037', '1010001s01.jpg', '1010001b01.jpg','1010001g01.jpg');
INSERT INTO `tb_goodsImg` VALUES (NULL, '1010037', '1010001s02.jpg', '1010001b02.jpg','1010001g02.jpg');
INSERT INTO `tb_goodsImg` VALUES (NULL, '1010038', '1010001s03.jpg', '1010001b03.jpg','1010001g03.jpg');
INSERT INTO `tb_goodsImg` VALUES (NULL, '1010038', '1010001s04.jpg', '1010001b04.jpg','1010001g04.jpg');
INSERT INTO `tb_goodsImg` VALUES (NULL, '1010039', '1010002s01.jpg', '1010002b01.jpg','1010002g01.jpg');
INSERT INTO `tb_goodsImg` VALUES (NULL, '1010039', '1010002s02.jpg', '1010002b02.jpg','1010002g02.jpg');

INSERT INTO `tb_goodsImg` VALUES (NULL, '1010040', '1010003s04.jpg', '1010003b04.jpg','1010003g04.jpg');
INSERT INTO `tb_goodsImg` VALUES (NULL, '1010040', '1010004s01.jpg', '1010004b01.jpg','1010004g01.jpg');
INSERT INTO `tb_goodsImg` VALUES (NULL, '1010041', '1010001s01.jpg', '1010001b01.jpg','1010001g01.jpg');
INSERT INTO `tb_goodsImg` VALUES (NULL, '1010041', '1010001s02.jpg', '1010001b02.jpg','1010001g02.jpg');
INSERT INTO `tb_goodsImg` VALUES (NULL, '1010042', '1010001s03.jpg', '1010001b03.jpg','1010001g03.jpg');
INSERT INTO `tb_goodsImg` VALUES (NULL, '1010042', '1010001s04.jpg', '1010001b04.jpg','1010001g04.jpg');
INSERT INTO `tb_goodsImg` VALUES (NULL, '1010043', '1010002s01.jpg', '1010002b01.jpg','1010002g01.jpg');
INSERT INTO `tb_goodsImg` VALUES (NULL, '1010043', '1010002s02.jpg', '1010002b02.jpg','1010002g02.jpg');
INSERT INTO `tb_goodsImg` VALUES (NULL, '1010044', '1010002s03.jpg', '1010002b02.jpg','1010002g03.jpg');
INSERT INTO `tb_goodsImg` VALUES (NULL, '1010044', '1010003s01.jpg', '1010003b01.jpg','1010003g01.jpg');
INSERT INTO `tb_goodsImg` VALUES (NULL, '1010045', '1010003s02.jpg', '1010003b02.jpg','1010003g02.jpg');
INSERT INTO `tb_goodsImg` VALUES (NULL, '1010045', '1010003s03.jpg', '1010003b03.jpg','1010003g03.jpg');
INSERT INTO `tb_goodsImg` VALUES (NULL, '1010046', '1010003s04.jpg', '1010003b04.jpg','1010003g04.jpg');
INSERT INTO `tb_goodsImg` VALUES (NULL, '1010046', '1010004s01.jpg', '1010004b01.jpg','1010004g01.jpg');
INSERT INTO `tb_goodsImg` VALUES (NULL, '1010047', '1010001s01.jpg', '1010001b01.jpg','1010001g01.jpg');
INSERT INTO `tb_goodsImg` VALUES (NULL, '1010047', '1010001s02.jpg', '1010001b02.jpg','1010001g02.jpg');
INSERT INTO `tb_goodsImg` VALUES (NULL, '1010048', '1010001s03.jpg', '1010001b03.jpg','1010001g03.jpg');
INSERT INTO `tb_goodsImg` VALUES (NULL, '1010048', '1010001s04.jpg', '1010001b04.jpg','1010001g04.jpg');
INSERT INTO `tb_goodsImg` VALUES (NULL, '1010049', '1010002s01.jpg', '1010002b01.jpg','1010002g01.jpg');
INSERT INTO `tb_goodsImg` VALUES (NULL, '1010049', '1010002s02.jpg', '1010002b02.jpg','1010002g02.jpg');

INSERT INTO `tb_goodsImg` VALUES (NULL, '1010050', '1010003s04.jpg', '1010003b04.jpg','1010003g04.jpg');
INSERT INTO `tb_goodsImg` VALUES (NULL, '1010050', '1010004s01.jpg', '1010004b01.jpg','1010004g01.jpg');
INSERT INTO `tb_goodsImg` VALUES (NULL, '1010051', '1010001s01.jpg', '1010001b01.jpg','1010001g01.jpg');
INSERT INTO `tb_goodsImg` VALUES (NULL, '1010051', '1010001s02.jpg', '1010001b02.jpg','1010001g02.jpg');
INSERT INTO `tb_goodsImg` VALUES (NULL, '1010052', '1010001s03.jpg', '1010001b03.jpg','1010001g03.jpg');
INSERT INTO `tb_goodsImg` VALUES (NULL, '1010052', '1010001s04.jpg', '1010001b04.jpg','1010001g04.jpg');
INSERT INTO `tb_goodsImg` VALUES (NULL, '1010053', '1010002s01.jpg', '1010002b01.jpg','1010002g01.jpg');
INSERT INTO `tb_goodsImg` VALUES (NULL, '1010053', '1010002s02.jpg', '1010002b02.jpg','1010002g02.jpg');
INSERT INTO `tb_goodsImg` VALUES (NULL, '1010054', '1010002s03.jpg', '1010002b02.jpg','1010002g03.jpg');
INSERT INTO `tb_goodsImg` VALUES (NULL, '1010054', '1010003s01.jpg', '1010003b01.jpg','1010003g01.jpg');
INSERT INTO `tb_goodsImg` VALUES (NULL, '1010055', '1010003s02.jpg', '1010003b02.jpg','1010003g02.jpg');
INSERT INTO `tb_goodsImg` VALUES (NULL, '1010055', '1010003s03.jpg', '1010003b03.jpg','1010003g03.jpg');
INSERT INTO `tb_goodsImg` VALUES (NULL, '1010056', '1010003s04.jpg', '1010003b04.jpg','1010003g04.jpg');
INSERT INTO `tb_goodsImg` VALUES (NULL, '1010056', '1010004s01.jpg', '1010004b01.jpg','1010004g01.jpg');
INSERT INTO `tb_goodsImg` VALUES (NULL, '1010057', '1010001s01.jpg', '1010001b01.jpg','1010001g01.jpg');
INSERT INTO `tb_goodsImg` VALUES (NULL, '1010057', '1010001s02.jpg', '1010001b02.jpg','1010001g02.jpg');
INSERT INTO `tb_goodsImg` VALUES (NULL, '1010058', '1010001s03.jpg', '1010001b03.jpg','1010001g03.jpg');
INSERT INTO `tb_goodsImg` VALUES (NULL, '1010058', '1010001s04.jpg', '1010001b04.jpg','1010001g04.jpg');
INSERT INTO `tb_goodsImg` VALUES (NULL, '1010059', '1010002s01.jpg', '1010002b01.jpg','1010002g01.jpg');
INSERT INTO `tb_goodsImg` VALUES (NULL, '1010059', '1010002s02.jpg', '1010002b02.jpg','1010002g02.jpg');

INSERT INTO `tb_goodsImg` VALUES (NULL, '1010060', '1010003s04.jpg', '1010003b04.jpg','1010003g04.jpg');
INSERT INTO `tb_goodsImg` VALUES (NULL, '1010060', '1010004s01.jpg', '1010004b01.jpg','1010004g01.jpg');
INSERT INTO `tb_goodsImg` VALUES (NULL, '1010061', '1010001s01.jpg', '1010001b01.jpg','1010001g01.jpg');
INSERT INTO `tb_goodsImg` VALUES (NULL, '1010061', '1010001s02.jpg', '1010001b02.jpg','1010001g02.jpg');
INSERT INTO `tb_goodsImg` VALUES (NULL, '1010062', '1010001s03.jpg', '1010001b03.jpg','1010001g03.jpg');
INSERT INTO `tb_goodsImg` VALUES (NULL, '1010062', '1010001s04.jpg', '1010001b04.jpg','1010001g04.jpg');
INSERT INTO `tb_goodsImg` VALUES (NULL, '1010063', '1010002s01.jpg', '1010002b01.jpg','1010002g01.jpg');
INSERT INTO `tb_goodsImg` VALUES (NULL, '1010063', '1010002s02.jpg', '1010002b02.jpg','1010002g02.jpg');
INSERT INTO `tb_goodsImg` VALUES (NULL, '1010064', '1010002s03.jpg', '1010002b02.jpg','1010002g03.jpg');
INSERT INTO `tb_goodsImg` VALUES (NULL, '1010064', '1010003s01.jpg', '1010003b01.jpg','1010003g01.jpg');
INSERT INTO `tb_goodsImg` VALUES (NULL, '1010065', '1010003s02.jpg', '1010003b02.jpg','1010003g02.jpg');
INSERT INTO `tb_goodsImg` VALUES (NULL, '1010065', '1010003s03.jpg', '1010003b03.jpg','1010003g03.jpg');
INSERT INTO `tb_goodsImg` VALUES (NULL, '1010066', '1010003s04.jpg', '1010003b04.jpg','1010003g04.jpg');
INSERT INTO `tb_goodsImg` VALUES (NULL, '1010066', '1010004s01.jpg', '1010004b01.jpg','1010004g01.jpg');
INSERT INTO `tb_goodsImg` VALUES (NULL, '1010067', '1010001s01.jpg', '1010001b01.jpg','1010001g01.jpg');
INSERT INTO `tb_goodsImg` VALUES (NULL, '1010067', '1010001s02.jpg', '1010001b02.jpg','1010001g02.jpg');
INSERT INTO `tb_goodsImg` VALUES (NULL, '1010068', '1010001s03.jpg', '1010001b03.jpg','1010001g03.jpg');
INSERT INTO `tb_goodsImg` VALUES (NULL, '1010068', '1010001s04.jpg', '1010001b04.jpg','1010001g04.jpg');
INSERT INTO `tb_goodsImg` VALUES (NULL, '1010069', '1010002s01.jpg', '1010002b01.jpg','1010002g01.jpg');
INSERT INTO `tb_goodsImg` VALUES (NULL, '1010069', '1010002s02.jpg', '1010002b02.jpg','1010002g02.jpg');

INSERT INTO `tb_goodsImg` VALUES (NULL, '1010070', '1010003s04.jpg', '1010003b04.jpg','1010003g04.jpg');
INSERT INTO `tb_goodsImg` VALUES (NULL, '1010070', '1010004s01.jpg', '1010004b01.jpg','1010004g01.jpg');
INSERT INTO `tb_goodsImg` VALUES (NULL, '1010071', '1010001s01.jpg', '1010001b01.jpg','1010001g01.jpg');
INSERT INTO `tb_goodsImg` VALUES (NULL, '1010071', '1010001s02.jpg', '1010001b02.jpg','1010001g02.jpg');
INSERT INTO `tb_goodsImg` VALUES (NULL, '1010072', '1010001s03.jpg', '1010001b03.jpg','1010001g03.jpg');
INSERT INTO `tb_goodsImg` VALUES (NULL, '1010072', '1010001s04.jpg', '1010001b04.jpg','1010001g04.jpg');
INSERT INTO `tb_goodsImg` VALUES (NULL, '1010073', '1010002s01.jpg', '1010002b01.jpg','1010002g01.jpg');
INSERT INTO `tb_goodsImg` VALUES (NULL, '1010073', '1010002s02.jpg', '1010002b02.jpg','1010002g02.jpg');
INSERT INTO `tb_goodsImg` VALUES (NULL, '1010074', '1010002s03.jpg', '1010002b02.jpg','1010002g03.jpg');
INSERT INTO `tb_goodsImg` VALUES (NULL, '1010074', '1010003s01.jpg', '1010003b01.jpg','1010003g01.jpg');
INSERT INTO `tb_goodsImg` VALUES (NULL, '1010075', '1010003s02.jpg', '1010003b02.jpg','1010003g02.jpg');
INSERT INTO `tb_goodsImg` VALUES (NULL, '1010075', '1010003s03.jpg', '1010003b03.jpg','1010003g03.jpg');
INSERT INTO `tb_goodsImg` VALUES (NULL, '1010076', '1010003s04.jpg', '1010003b04.jpg','1010003g04.jpg');
INSERT INTO `tb_goodsImg` VALUES (NULL, '1010076', '1010004s01.jpg', '1010004b01.jpg','1010004g01.jpg');
INSERT INTO `tb_goodsImg` VALUES (NULL, '1010077', '1010001s01.jpg', '1010001b01.jpg','1010001g01.jpg');
INSERT INTO `tb_goodsImg` VALUES (NULL, '1010077', '1010001s02.jpg', '1010001b02.jpg','1010001g02.jpg');
INSERT INTO `tb_goodsImg` VALUES (NULL, '1010078', '1010001s03.jpg', '1010001b03.jpg','1010001g03.jpg');
INSERT INTO `tb_goodsImg` VALUES (NULL, '1010078', '1010001s04.jpg', '1010001b04.jpg','1010001g04.jpg');
INSERT INTO `tb_goodsImg` VALUES (NULL, '1010079', '1010002s01.jpg', '1010002b01.jpg','1010002g01.jpg');
INSERT INTO `tb_goodsImg` VALUES (NULL, '1010079', '1010002s02.jpg', '1010002b02.jpg','1010002g02.jpg');

INSERT INTO `tb_goodsImg` VALUES (NULL, '1010080', '1010003s04.jpg', '1010003b04.jpg','1010003g04.jpg');
INSERT INTO `tb_goodsImg` VALUES (NULL, '1010080', '1010004s01.jpg', '1010004b01.jpg','1010004g01.jpg');
INSERT INTO `tb_goodsImg` VALUES (NULL, '1010081', '1010001s01.jpg', '1010001b01.jpg','1010001g01.jpg');
INSERT INTO `tb_goodsImg` VALUES (NULL, '1010081', '1010001s02.jpg', '1010001b02.jpg','1010001g02.jpg');
INSERT INTO `tb_goodsImg` VALUES (NULL, '1010082', '1010001s03.jpg', '1010001b03.jpg','1010001g03.jpg');
INSERT INTO `tb_goodsImg` VALUES (NULL, '1010082', '1010001s04.jpg', '1010001b04.jpg','1010001g04.jpg');
INSERT INTO `tb_goodsImg` VALUES (NULL, '1010083', '1010002s01.jpg', '1010002b01.jpg','1010002g01.jpg');
INSERT INTO `tb_goodsImg` VALUES (NULL, '1010083', '1010002s02.jpg', '1010002b02.jpg','1010002g02.jpg');
INSERT INTO `tb_goodsImg` VALUES (NULL, '1010084', '1010002s03.jpg', '1010002b02.jpg','1010002g03.jpg');
INSERT INTO `tb_goodsImg` VALUES (NULL, '1010084', '1010003s01.jpg', '1010003b01.jpg','1010003g01.jpg');
INSERT INTO `tb_goodsImg` VALUES (NULL, '1010085', '1010003s02.jpg', '1010003b02.jpg','1010003g02.jpg');
INSERT INTO `tb_goodsImg` VALUES (NULL, '1010085', '1010003s03.jpg', '1010003b03.jpg','1010003g03.jpg');
INSERT INTO `tb_goodsImg` VALUES (NULL, '1010086', '1010003s04.jpg', '1010003b04.jpg','1010003g04.jpg');
INSERT INTO `tb_goodsImg` VALUES (NULL, '1010086', '1010004s01.jpg', '1010004b01.jpg','1010004g01.jpg');
INSERT INTO `tb_goodsImg` VALUES (NULL, '1010087', '1010001s01.jpg', '1010001b01.jpg','1010001g01.jpg');
INSERT INTO `tb_goodsImg` VALUES (NULL, '1010087', '1010001s02.jpg', '1010001b02.jpg','1010001g02.jpg');
INSERT INTO `tb_goodsImg` VALUES (NULL, '1010088', '1010001s03.jpg', '1010001b03.jpg','1010001g03.jpg');
INSERT INTO `tb_goodsImg` VALUES (NULL, '1010088', '1010001s04.jpg', '1010001b04.jpg','1010001g04.jpg');
INSERT INTO `tb_goodsImg` VALUES (NULL, '1010089', '1010002s01.jpg', '1010002b01.jpg','1010002g01.jpg');
INSERT INTO `tb_goodsImg` VALUES (NULL, '1010089', '1010002s02.jpg', '1010002b02.jpg','1010002g02.jpg');

INSERT INTO `tb_goodsImg` VALUES (NULL, '1010090', '1010003s04.jpg', '1010003b04.jpg','1010003g04.jpg');
INSERT INTO `tb_goodsImg` VALUES (NULL, '1010090', '1010004s01.jpg', '1010004b01.jpg','1010004g01.jpg');
INSERT INTO `tb_goodsImg` VALUES (NULL, '1010091', '1010001s01.jpg', '1010001b01.jpg','1010001g01.jpg');
INSERT INTO `tb_goodsImg` VALUES (NULL, '1010091', '1010001s02.jpg', '1010001b02.jpg','1010001g02.jpg');
INSERT INTO `tb_goodsImg` VALUES (NULL, '1010092', '1010001s03.jpg', '1010001b03.jpg','1010001g03.jpg');
INSERT INTO `tb_goodsImg` VALUES (NULL, '1010092', '1010001s04.jpg', '1010001b04.jpg','1010001g04.jpg');
INSERT INTO `tb_goodsImg` VALUES (NULL, '1010093', '1010002s01.jpg', '1010002b01.jpg','1010002g01.jpg');
INSERT INTO `tb_goodsImg` VALUES (NULL, '1010093', '1010002s02.jpg', '1010002b02.jpg','1010002g02.jpg');
INSERT INTO `tb_goodsImg` VALUES (NULL, '1010094', '1010002s03.jpg', '1010002b02.jpg','1010002g03.jpg');
INSERT INTO `tb_goodsImg` VALUES (NULL, '1010094', '1010003s01.jpg', '1010003b01.jpg','1010003g01.jpg');
INSERT INTO `tb_goodsImg` VALUES (NULL, '1010095', '1010003s02.jpg', '1010003b02.jpg','1010003g02.jpg');
INSERT INTO `tb_goodsImg` VALUES (NULL, '1010095', '1010003s03.jpg', '1010003b03.jpg','1010003g03.jpg');
INSERT INTO `tb_goodsImg` VALUES (NULL, '1010096', '1010003s04.jpg', '1010003b04.jpg','1010003g04.jpg');
INSERT INTO `tb_goodsImg` VALUES (NULL, '1010096', '1010004s01.jpg', '1010004b01.jpg','1010004g01.jpg');
INSERT INTO `tb_goodsImg` VALUES (NULL, '1010097', '1010001s01.jpg', '1010001b01.jpg','1010001g01.jpg');
INSERT INTO `tb_goodsImg` VALUES (NULL, '1010097', '1010001s02.jpg', '1010001b02.jpg','1010001g02.jpg');
INSERT INTO `tb_goodsImg` VALUES (NULL, '1010098', '1010001s03.jpg', '1010001b03.jpg','1010001g03.jpg');
INSERT INTO `tb_goodsImg` VALUES (NULL, '1010098', '1010001s04.jpg', '1010001b04.jpg','1010001g04.jpg');
INSERT INTO `tb_goodsImg` VALUES (NULL, '1010099', '1010002s01.jpg', '1010002b01.jpg','1010002g01.jpg');
INSERT INTO `tb_goodsImg` VALUES (NULL, '1010099', '1010002s02.jpg', '1010002b02.jpg','1010002g02.jpg');

INSERT INTO `tb_goodsImg` VALUES (NULL, '1010100', '1010003s04.jpg', '1010003b04.jpg','1010003g04.jpg');
INSERT INTO `tb_goodsImg` VALUES (NULL, '1010100', '1010004s01.jpg', '1010004b01.jpg','1010004g01.jpg');
INSERT INTO `tb_goodsImg` VALUES (NULL, '1010101', '1010001s01.jpg', '1010001b01.jpg','1010001g01.jpg');
INSERT INTO `tb_goodsImg` VALUES (NULL, '1010101', '1010001s02.jpg', '1010001b02.jpg','1010001g02.jpg');
INSERT INTO `tb_goodsImg` VALUES (NULL, '1010102', '1010001s03.jpg', '1010001b03.jpg','1010001g03.jpg');
INSERT INTO `tb_goodsImg` VALUES (NULL, '1010102', '1010001s04.jpg', '1010001b04.jpg','1010001g04.jpg');
INSERT INTO `tb_goodsImg` VALUES (NULL, '1010103', '1010002s01.jpg', '1010002b01.jpg','1010002g01.jpg');
INSERT INTO `tb_goodsImg` VALUES (NULL, '1010103', '1010002s02.jpg', '1010002b02.jpg','1010002g02.jpg');
INSERT INTO `tb_goodsImg` VALUES (NULL, '1010104', '1010002s03.jpg', '1010002b02.jpg','1010002g03.jpg');
INSERT INTO `tb_goodsImg` VALUES (NULL, '1010104', '1010003s01.jpg', '1010003b01.jpg','1010003g01.jpg');
INSERT INTO `tb_goodsImg` VALUES (NULL, '1010105', '1010003s02.jpg', '1010003b02.jpg','1010003g02.jpg');
INSERT INTO `tb_goodsImg` VALUES (NULL, '1010105', '1010003s03.jpg', '1010003b03.jpg','1010003g03.jpg');
INSERT INTO `tb_goodsImg` VALUES (NULL, '1010106', '1010003s04.jpg', '1010003b04.jpg','1010003g04.jpg');
INSERT INTO `tb_goodsImg` VALUES (NULL, '1010106', '1010004s01.jpg', '1010004b01.jpg','1010004g01.jpg');
INSERT INTO `tb_goodsImg` VALUES (NULL, '1010107', '1010001s01.jpg', '1010001b01.jpg','1010001g01.jpg');
INSERT INTO `tb_goodsImg` VALUES (NULL, '1010107', '1010001s02.jpg', '1010001b02.jpg','1010001g02.jpg');
INSERT INTO `tb_goodsImg` VALUES (NULL, '1010108', '1010001s03.jpg', '1010001b03.jpg','1010001g03.jpg');
INSERT INTO `tb_goodsImg` VALUES (NULL, '1010108', '1010001s04.jpg', '1010001b04.jpg','1010001g04.jpg');
INSERT INTO `tb_goodsImg` VALUES (NULL, '1010109', '1010002s01.jpg', '1010002b01.jpg','1010002g01.jpg');
INSERT INTO `tb_goodsImg` VALUES (NULL, '1010109', '1010002s02.jpg', '1010002b02.jpg','1010002g02.jpg');

INSERT INTO `tb_goodsImg` VALUES (NULL, '1010110', '1010003s04.jpg', '1010003b04.jpg','1010003g04.jpg');
INSERT INTO `tb_goodsImg` VALUES (NULL, '1010110', '1010004s01.jpg', '1010004b01.jpg','1010004g01.jpg');
INSERT INTO `tb_goodsImg` VALUES (NULL, '1010111', '1010001s01.jpg', '1010001b01.jpg','1010001g01.jpg');
INSERT INTO `tb_goodsImg` VALUES (NULL, '1010111', '1010001s02.jpg', '1010001b02.jpg','1010001g02.jpg');
INSERT INTO `tb_goodsImg` VALUES (NULL, '1010112', '1010001s03.jpg', '1010001b03.jpg','1010001g03.jpg');
INSERT INTO `tb_goodsImg` VALUES (NULL, '1010112', '1010001s04.jpg', '1010001b04.jpg','1010001g04.jpg');
INSERT INTO `tb_goodsImg` VALUES (NULL, '1010113', '1010002s01.jpg', '1010002b01.jpg','1010002g01.jpg');
INSERT INTO `tb_goodsImg` VALUES (NULL, '1010113', '1010002s02.jpg', '1010002b02.jpg','1010002g02.jpg');
INSERT INTO `tb_goodsImg` VALUES (NULL, '1010114', '1010002s03.jpg', '1010002b02.jpg','1010002g03.jpg');
INSERT INTO `tb_goodsImg` VALUES (NULL, '1010114', '1010003s01.jpg', '1010003b01.jpg','1010003g01.jpg');
INSERT INTO `tb_goodsImg` VALUES (NULL, '1010115', '1010003s02.jpg', '1010003b02.jpg','1010003g02.jpg');
INSERT INTO `tb_goodsImg` VALUES (NULL, '1010115', '1010003s03.jpg', '1010003b03.jpg','1010003g03.jpg');
INSERT INTO `tb_goodsImg` VALUES (NULL, '1010116', '1010003s04.jpg', '1010003b04.jpg','1010003g04.jpg');
INSERT INTO `tb_goodsImg` VALUES (NULL, '1010116', '1010004s01.jpg', '1010004b01.jpg','1010004g01.jpg');
INSERT INTO `tb_goodsImg` VALUES (NULL, '1010117', '1010001s01.jpg', '1010001b01.jpg','1010001g01.jpg');
INSERT INTO `tb_goodsImg` VALUES (NULL, '1010117', '1010001s02.jpg', '1010001b02.jpg','1010001g02.jpg');
INSERT INTO `tb_goodsImg` VALUES (NULL, '1010118', '1010001s03.jpg', '1010001b03.jpg','1010001g03.jpg');
INSERT INTO `tb_goodsImg` VALUES (NULL, '1010118', '1010001s04.jpg', '1010001b04.jpg','1010001g04.jpg');
INSERT INTO `tb_goodsImg` VALUES (NULL, '1010119', '1010002s01.jpg', '1010002b01.jpg','1010002g01.jpg');
INSERT INTO `tb_goodsImg` VALUES (NULL, '1010119', '1010002s02.jpg', '1010002b02.jpg','1010002g02.jpg');

INSERT INTO `tb_goodsImg` VALUES (NULL, '1010120', '1010003s04.jpg', '1010003b04.jpg','1010003g04.jpg');
INSERT INTO `tb_goodsImg` VALUES (NULL, '1010120', '1010004s01.jpg', '1010004b01.jpg','1010004g01.jpg');
INSERT INTO `tb_goodsImg` VALUES (NULL, '1010121', '1010001s01.jpg', '1010001b01.jpg','1010001g01.jpg');
INSERT INTO `tb_goodsImg` VALUES (NULL, '1010121', '1010001s02.jpg', '1010001b02.jpg','1010001g02.jpg');
INSERT INTO `tb_goodsImg` VALUES (NULL, '1010122', '1010001s03.jpg', '1010001b03.jpg','1010001g03.jpg');
INSERT INTO `tb_goodsImg` VALUES (NULL, '1010122', '1010001s04.jpg', '1010001b04.jpg','1010001g04.jpg');
INSERT INTO `tb_goodsImg` VALUES (NULL, '1010123', '1010002s01.jpg', '1010002b01.jpg','1010002g01.jpg');
INSERT INTO `tb_goodsImg` VALUES (NULL, '1010123', '1010002s02.jpg', '1010002b02.jpg','1010002g02.jpg');
INSERT INTO `tb_goodsImg` VALUES (NULL, '1010124', '1010002s03.jpg', '1010002b02.jpg','1010002g03.jpg');
INSERT INTO `tb_goodsImg` VALUES (NULL, '1010124', '1010003s01.jpg', '1010003b01.jpg','1010003g01.jpg');
INSERT INTO `tb_goodsImg` VALUES (NULL, '1010125', '1010003s02.jpg', '1010003b02.jpg','1010003g02.jpg');
INSERT INTO `tb_goodsImg` VALUES (NULL, '1010125', '1010003s03.jpg', '1010003b03.jpg','1010003g03.jpg');
INSERT INTO `tb_goodsImg` VALUES (NULL, '1010126', '1010003s04.jpg', '1010003b04.jpg','1010003g04.jpg');
INSERT INTO `tb_goodsImg` VALUES (NULL, '1010126', '1010004s01.jpg', '1010004b01.jpg','1010004g01.jpg');
INSERT INTO `tb_goodsImg` VALUES (NULL, '1010127', '1010001s01.jpg', '1010001b01.jpg','1010001g01.jpg');
INSERT INTO `tb_goodsImg` VALUES (NULL, '1010127', '1010001s02.jpg', '1010001b02.jpg','1010001g02.jpg');
INSERT INTO `tb_goodsImg` VALUES (NULL, '1010128', '1010001s03.jpg', '1010001b03.jpg','1010001g03.jpg');
INSERT INTO `tb_goodsImg` VALUES (NULL, '1010128', '1010001s04.jpg', '1010001b04.jpg','1010001g04.jpg');
INSERT INTO `tb_goodsImg` VALUES (NULL, '1010129', '1010002s01.jpg', '1010002b01.jpg','1010002g01.jpg');
INSERT INTO `tb_goodsImg` VALUES (NULL, '1010129', '1010002s02.jpg', '1010002b02.jpg','1010002g02.jpg');

INSERT INTO `tb_goodsImg` VALUES (NULL, '1010130', '1010003s04.jpg', '1010003b04.jpg','1010003g04.jpg');
INSERT INTO `tb_goodsImg` VALUES (NULL, '1010130', '1010004s01.jpg', '1010004b01.jpg','1010004g01.jpg');
INSERT INTO `tb_goodsImg` VALUES (NULL, '1010131', '1010001s01.jpg', '1010001b01.jpg','1010001g01.jpg');
INSERT INTO `tb_goodsImg` VALUES (NULL, '1010131', '1010001s02.jpg', '1010001b02.jpg','1010001g02.jpg');
INSERT INTO `tb_goodsImg` VALUES (NULL, '1010132', '1010001s03.jpg', '1010001b03.jpg','1010001g03.jpg');
INSERT INTO `tb_goodsImg` VALUES (NULL, '1010132', '1010001s04.jpg', '1010001b04.jpg','1010001g04.jpg');
INSERT INTO `tb_goodsImg` VALUES (NULL, '1010133', '1010002s01.jpg', '1010002b01.jpg','1010002g01.jpg');
INSERT INTO `tb_goodsImg` VALUES (NULL, '1010133', '1010002s02.jpg', '1010002b02.jpg','1010002g02.jpg');
INSERT INTO `tb_goodsImg` VALUES (NULL, '1010134', '1010002s03.jpg', '1010002b02.jpg','1010002g03.jpg');
INSERT INTO `tb_goodsImg` VALUES (NULL, '1010134', '1010003s01.jpg', '1010003b01.jpg','1010003g01.jpg');
INSERT INTO `tb_goodsImg` VALUES (NULL, '1010135', '1010003s02.jpg', '1010003b02.jpg','1010003g02.jpg');
INSERT INTO `tb_goodsImg` VALUES (NULL, '1010135', '1010003s03.jpg', '1010003b03.jpg','1010003g03.jpg');
INSERT INTO `tb_goodsImg` VALUES (NULL, '1010136', '1010003s04.jpg', '1010003b04.jpg','1010003g04.jpg');
INSERT INTO `tb_goodsImg` VALUES (NULL, '1010136', '1010004s01.jpg', '1010004b01.jpg','1010004g01.jpg');
INSERT INTO `tb_goodsImg` VALUES (NULL, '1010137', '1010001s01.jpg', '1010001b01.jpg','1010001g01.jpg');
INSERT INTO `tb_goodsImg` VALUES (NULL, '1010137', '1010001s02.jpg', '1010001b02.jpg','1010001g02.jpg');
INSERT INTO `tb_goodsImg` VALUES (NULL, '1010138', '1010001s03.jpg', '1010001b03.jpg','1010001g03.jpg');
INSERT INTO `tb_goodsImg` VALUES (NULL, '1010138', '1010001s04.jpg', '1010001b04.jpg','1010001g04.jpg');
INSERT INTO `tb_goodsImg` VALUES (NULL, '1010139', '1010002s01.jpg', '1010002b01.jpg','1010002g01.jpg');
INSERT INTO `tb_goodsImg` VALUES (NULL, '1010139', '1010002s02.jpg', '1010002b02.jpg','1010002g02.jpg');

INSERT INTO `tb_goodsImg` VALUES (NULL, '1010140', '1010003s04.jpg', '1010003b04.jpg','1010003g04.jpg');
INSERT INTO `tb_goodsImg` VALUES (NULL, '1010140', '1010004s01.jpg', '1010004b01.jpg','1010004g01.jpg');
INSERT INTO `tb_goodsImg` VALUES (NULL, '1010141', '1010001s01.jpg', '1010001b01.jpg','1010001g01.jpg');
INSERT INTO `tb_goodsImg` VALUES (NULL, '1010141', '1010001s02.jpg', '1010001b02.jpg','1010001g02.jpg');
INSERT INTO `tb_goodsImg` VALUES (NULL, '1010142', '1010001s03.jpg', '1010001b03.jpg','1010001g03.jpg');
INSERT INTO `tb_goodsImg` VALUES (NULL, '1010142', '1010001s04.jpg', '1010001b04.jpg','1010001g04.jpg');
INSERT INTO `tb_goodsImg` VALUES (NULL, '1010143', '1010002s01.jpg', '1010002b01.jpg','1010002g01.jpg');
INSERT INTO `tb_goodsImg` VALUES (NULL, '1010143', '1010002s02.jpg', '1010002b02.jpg','1010002g02.jpg');
INSERT INTO `tb_goodsImg` VALUES (NULL, '1010144', '1010002s03.jpg', '1010002b02.jpg','1010002g03.jpg');
INSERT INTO `tb_goodsImg` VALUES (NULL, '1010144', '1010003s01.jpg', '1010003b01.jpg','1010003g01.jpg');
INSERT INTO `tb_goodsImg` VALUES (NULL, '1010145', '1010003s02.jpg', '1010003b02.jpg','1010003g02.jpg');
INSERT INTO `tb_goodsImg` VALUES (NULL, '1010145', '1010003s03.jpg', '1010003b03.jpg','1010003g03.jpg');
INSERT INTO `tb_goodsImg` VALUES (NULL, '1010146', '1010003s04.jpg', '1010003b04.jpg','1010003g04.jpg');
INSERT INTO `tb_goodsImg` VALUES (NULL, '1010146', '1010004s01.jpg', '1010004b01.jpg','1010004g01.jpg');
INSERT INTO `tb_goodsImg` VALUES (NULL, '1010147', '1010001s01.jpg', '1010001b01.jpg','1010001g01.jpg');
INSERT INTO `tb_goodsImg` VALUES (NULL, '1010147', '1010001s02.jpg', '1010001b02.jpg','1010001g02.jpg');
INSERT INTO `tb_goodsImg` VALUES (NULL, '1010148', '1010001s03.jpg', '1010001b03.jpg','1010001g03.jpg');
INSERT INTO `tb_goodsImg` VALUES (NULL, '1010148', '1010001s04.jpg', '1010001b04.jpg','1010001g04.jpg');
INSERT INTO `tb_goodsImg` VALUES (NULL, '1010149', '1010002s01.jpg', '1010002b01.jpg','1010002g01.jpg');
INSERT INTO `tb_goodsImg` VALUES (NULL, '1010149', '1010002s02.jpg', '1010002b02.jpg','1010002g02.jpg');

INSERT INTO `tb_goodsImg` VALUES (NULL, '1010150', '1010003s04.jpg', '1010003b04.jpg','1010003g04.jpg');
INSERT INTO `tb_goodsImg` VALUES (NULL, '1010150', '1010004s01.jpg', '1010004b01.jpg','1010004g01.jpg');
INSERT INTO `tb_goodsImg` VALUES (NULL, '1010151', '1010001s01.jpg', '1010001b01.jpg','1010001g01.jpg');
INSERT INTO `tb_goodsImg` VALUES (NULL, '1010151', '1010001s02.jpg', '1010001b02.jpg','1010001g02.jpg');
INSERT INTO `tb_goodsImg` VALUES (NULL, '1010152', '1010001s03.jpg', '1010001b03.jpg','1010001g03.jpg');
INSERT INTO `tb_goodsImg` VALUES (NULL, '1010152', '1010001s04.jpg', '1010001b04.jpg','1010001g04.jpg');
INSERT INTO `tb_goodsImg` VALUES (NULL, '1010153', '1010002s01.jpg', '1010002b01.jpg','1010002g01.jpg');
INSERT INTO `tb_goodsImg` VALUES (NULL, '1010153', '1010002s02.jpg', '1010002b02.jpg','1010002g02.jpg');
INSERT INTO `tb_goodsImg` VALUES (NULL, '1010154', '1010002s03.jpg', '1010002b02.jpg','1010002g03.jpg');
INSERT INTO `tb_goodsImg` VALUES (NULL, '1010154', '1010003s01.jpg', '1010003b01.jpg','1010003g01.jpg');
INSERT INTO `tb_goodsImg` VALUES (NULL, '1010155', '1010003s02.jpg', '1010003b02.jpg','1010003g02.jpg');
INSERT INTO `tb_goodsImg` VALUES (NULL, '1010155', '1010003s03.jpg', '1010003b03.jpg','1010003g03.jpg');
INSERT INTO `tb_goodsImg` VALUES (NULL, '1010156', '1010003s04.jpg', '1010003b04.jpg','1010003g04.jpg');
INSERT INTO `tb_goodsImg` VALUES (NULL, '1010156', '1010004s01.jpg', '1010004b01.jpg','1010004g01.jpg');
INSERT INTO `tb_goodsImg` VALUES (NULL, '1010157', '1010001s01.jpg', '1010001b01.jpg','1010001g01.jpg');
INSERT INTO `tb_goodsImg` VALUES (NULL, '1010157', '1010001s02.jpg', '1010001b02.jpg','1010001g02.jpg');
INSERT INTO `tb_goodsImg` VALUES (NULL, '1010158', '1010001s03.jpg', '1010001b03.jpg','1010001g03.jpg');
INSERT INTO `tb_goodsImg` VALUES (NULL, '1010158', '1010001s04.jpg', '1010001b04.jpg','1010001g04.jpg');
INSERT INTO `tb_goodsImg` VALUES (NULL, '1010159', '1010002s01.jpg', '1010002b01.jpg','1010002g01.jpg');
INSERT INTO `tb_goodsImg` VALUES (NULL, '1010159', '1010002s02.jpg', '1010002b02.jpg','1010002g02.jpg');

INSERT INTO `tb_goodsImg` VALUES (NULL, '1010160', '1010003s04.jpg', '1010003b04.jpg','1010003g04.jpg');
INSERT INTO `tb_goodsImg` VALUES (NULL, '1010160', '1010004s01.jpg', '1010004b01.jpg','1010004g01.jpg');
INSERT INTO `tb_goodsImg` VALUES (NULL, '1010161', '1010001s01.jpg', '1010001b01.jpg','1010001g01.jpg');
INSERT INTO `tb_goodsImg` VALUES (NULL, '1010161', '1010001s02.jpg', '1010001b02.jpg','1010001g02.jpg');
INSERT INTO `tb_goodsImg` VALUES (NULL, '1010162', '1010001s03.jpg', '1010001b03.jpg','1010001g03.jpg');
INSERT INTO `tb_goodsImg` VALUES (NULL, '1010162', '1010001s04.jpg', '1010001b04.jpg','1010001g04.jpg');
INSERT INTO `tb_goodsImg` VALUES (NULL, '1010163', '1010002s01.jpg', '1010002b01.jpg','1010002g01.jpg');
INSERT INTO `tb_goodsImg` VALUES (NULL, '1010163', '1010002s02.jpg', '1010002b02.jpg','1010002g02.jpg');

-- ----------------------------
-- Table structure for tb_user
-- ----------------------------
DROP TABLE IF EXISTS `tb_user`;
CREATE TABLE `tb_user` (
  `id` int(11) NOT NULL AUTO_INCREMENT,
  `name` varchar(30) NOT NULL,
  `password` varchar(16) NOT NULL,
  `email` varchar(50) DEFAULT NULL,
  `trueName` varchar(40) DEFAULT NULL,
  `sex` varchar(30) DEFAULT NULL,
  `birthday` varchar(20) DEFAULT NULL,
  `address` varchar(100) DEFAULT NULL,
  `postcode` varchar(10) DEFAULT NULL,
  `phone` varchar(15) DEFAULT NULL,
  `mphone` varchar(15) DEFAULT NULL,
  `question` varchar(30) DEFAULT NULL,
  `answer` varchar(30) DEFAULT NULL,
  `img` varchar(100) DEFAULT NULL,
  `score` int(11) DEFAULT '1000',
  PRIMARY KEY (`id`)
) ENGINE=InnoDB AUTO_INCREMENT=17 DEFAULT CHARSET=utf8;

-- ----------------------------
-- Records of tb_user
-- ----------------------------
INSERT INTO `tb_user` VALUES ('1', 'baiyizhu', 'qwe123', '1235@qq.com', '白奕竹', '男', '1995-11-25', '上海', '1000001', '88546461', '15646113645', '你的第一任老师是谁', '庞龙', null, null);
INSERT INTO `tb_user` VALUES ('2', 'tom', 'qwe123', 'tom@163.com', '汤姆', '男', '1995-11-25', '天津', '1000002', '23873736', '15646113645', '你母亲的名字是什么', '张珂', null, null);
INSERT INTO `tb_user` VALUES ('3', 'Jerry', 'qwe123', 'jerry@163.com', '珍妮', '女', '1995-11-25', '上海', '1000003', '87389646', '15646113645', '你父亲的名字是什么', '张龙', null, null);
INSERT INTO `tb_user` VALUES ('4', 'gusheng', 'qwe123', 'gusheng@qust.com', '顾声声', '女', '1995-11-25', '北京', '1000004', '84613116', '15646113645', '你小学什么时候毕业的', '2010', null, null);
INSERT INTO `tb_user` VALUES ('5', 'qiang', 'qwe123', 'qiang@qust.com', '莫青城', '男', '1995-11-25', '山西太原', '1000005', '4335964', '15646113645', '你的出生日期', '1889-7-6', null, null);
INSERT INTO `tb_user` VALUES ('6', 'xuan', 'qwe123', 'xuan@qust.com', '林轩', '女', '1995-11-25', '黑龙江', '1000006', '56416126', '15646113645', '你最喜欢的星座', '射手', null, null);
INSERT INTO `tb_user` VALUES ('7', 'duan', 'qwe123', 'duan@qust.com', '段轻晚', '女', '1995-11-25', '吉林长春', '1000007', '296532036', '15646113645', '', '庞龙', null, null);
INSERT INTO `tb_user` VALUES ('8', 'ning', 'qwe123', 'ning@qust.com', '宁宁', '男', '1995-11-25', '安徽合肥', '1000008', '5914320', '15646113645', '你的第一任老师是谁', '庞龙', null, null);
INSERT INTO `tb_user` VALUES ('9', 'miao', 'qwe123', 'miao@qust.com', '林思妙', '女', '1995-11-25', '江西', '1000009', '126230', '15646113645', '你的第一任老师是谁', '庞龙', null, null);
INSERT INTO `tb_user` VALUES ('10', 'lan', 'qwe123', 'lan@qust.com', '叶海蓝', '女', '1995-11-25', '广东广州', '1000010', '88546461', '15646113645', '你做喜欢的职业', '程序员', null, null);
INSERT INTO `tb_user` VALUES ('11', 'ling', 'qwe123', 'ling@qust.com', '灵歌', '女', '1995-11-25', '河南郑州', '1000011', '88546461', '15646113645', '你的座右铭', '我爱学习，学习使我快乐', null, null);
INSERT INTO `tb_user` VALUES ('12', 'monkey', 'qwe123', 'monkey@qust.com', '毛斌', '男', '1995-11-25', '上海', '1000012', '88546461', '15646113645', '我爱工作', '工作使我快乐', null, null);
INSERT INTO `tb_user` VALUES ('13', 'tang', 'qwe123', 'tang@qust.com', '唐伯虎', '男', '1995-11-25', '山东济南', '1000013', '88546461', '15646113645', '你第一任班主任是谁', '宫倾城', null, null);
INSERT INTO `tb_user` VALUES ('14', 'yao', 'qwe123', 'yao@qust.com', '李逍遥', '男', '1995-11-25', '河北沧州', '1000014', '88546461', '15646113645', '我爱java', 'java使我快乐', null, null);
INSERT INTO `tb_user` VALUES ('15', 'shan', 'qwe123', 'shan@qust.com', '张山', '男', '1995-11-25', '山西大同', '1000015', '88546461', '15646113645', '我爱SQL', 'SQL使我快乐', null, null);
INSERT INTO `tb_user` VALUES ('16', 'like', 'qwe123', 'like@qust.com', '李可', '男', '1995-11-25', '上海', '1000016', '88546461', '15646113645', '我爱前端开发', '前端使我快乐', null, null);

-- ----------------------------
-- Table structure for tb_order
-- ----------------------------
DROP TABLE IF EXISTS `tb_order`;
CREATE TABLE `tb_order` (
  `orderId` int(11) NOT NULL AUTO_INCREMENT,
	`id` int(11) DEFAULT NULL,
  `name` varchar(20) DEFAULT NULL,
  `recvName` varchar(20) DEFAULT NULL,
  `address` varchar(200) DEFAULT NULL,
  `postcode` int(6) DEFAULT NULL,
  `orderDate` TIMESTAMP defAULT  CURRENT_TIMESTAMP ON UPDATE CURRENT_TIMESTAMP,
  `flag` int(11) DEFAULT NULL,
  PRIMARY KEY (`orderId`),
	KEY `id` (`id`),
  CONSTRAINT `tb_order_ibfk_1` FOREIGN KEY (`id`) REFERENCES `tb_user` (`id`)
) ENGINE=InnoDB AUTO_INCREMENT=100001 DEFAULT CHARSET=utf8;

-- ----------------------------
-- Records of tb_order
-- ----------------------------
-- INSERT INTO `tb_order` VALUES ('100001', '1', 'name', 'recvName', 'address', 'postcode', 'orderDate', 'flag');

INSERT INTO `tb_order` VALUES ('100000', '1', 'baiyizhu', '白奕竹', '山东省青岛市市北区台东一路30号5楼501', '266100', NULL, '0');
INSERT INTO `tb_order` VALUES ('100001', '2', 'tom', '汤姆', '山东省烟台市烟台大学4号楼', '266100', NULL, '0');
INSERT INTO `tb_order` VALUES ('100002', '3', 'Jerry', '杜杰', '重庆市重庆大学2号楼', '266100', NULL, '1');
INSERT INTO `tb_order` VALUES ('100003', '4', 'gusheng', '林辰', '河北省石家庄市石家庄铁道学院7号楼', '266100', NULL, '0');
INSERT INTO `tb_order` VALUES ('100004', '2', 'tom', '汤姆', '河北省石家庄市石家庄铁道学院7号楼', '266100', NULL, '1');
INSERT INTO `tb_order` VALUES ('100005', '3', 'Jerry', 'jerry', '山东省烟台市烟台大学4号楼', '266100', NULL, '1');
INSERT INTO `tb_order` VALUES ('100006', '4', 'gusheng', '顾声声', '重庆市重庆大学2号楼', '266100', NULL, '1');
INSERT INTO `tb_order` VALUES ('100007', '5', 'qiang', '莫青城', '山东省烟台市烟台大学4号楼', '266100', NULL, '0');
INSERT INTO `tb_order` VALUES ('100008', '5', 'qiang', '白明丽', '山东省青岛市市北区台东一路30号5楼501', '266100', NULL, '1');
INSERT INTO `tb_order` VALUES ('100009', '5', 'qiang', '墨清城', '重庆市重庆大学2号楼', '266100', NULL, '1');
INSERT INTO `tb_order` VALUES ('100010', '6', 'xuan', '王诗轩', '山东省烟台市烟台大学4号楼', '266100', NULL, '0');
INSERT INTO `tb_order` VALUES ('100011', '7', 'duan', '段轻晚', '河北省石家庄市石家庄铁道学院7号楼', '266100', NULL, '1');
INSERT INTO `tb_order` VALUES ('100012', '8', 'ning', '宁凝', '重庆市重庆大学2号楼', '266100', NULL, '1');
INSERT INTO `tb_order` VALUES ('100013', '8', 'ning', '宁凝', '山东省烟台市烟台大学4号楼', '266100', NULL, '0');
INSERT INTO `tb_order` VALUES ('100014', '9', 'miao', '林师淼', '山东省青岛市市北区台东一路30号5楼501', '266100', NULL, '1');
INSERT INTO `tb_order` VALUES ('100015', '10', 'lan', '叶海蓝', '山东省烟台市烟台大学4号楼', '266100', NULL, '0');
INSERT INTO `tb_order` VALUES ('100016', '10', 'lan', '叶海蓝', '重庆市重庆大学2号楼', '266100', NULL, '1');
INSERT INTO `tb_order` VALUES ('100017', '11', 'ling', '灵歌', '山东省烟台市烟台大学4号楼', '266100', NULL, '0');
INSERT INTO `tb_order` VALUES ('100018', '12', 'monkey', '侯建斌', '山东省青岛市市北区台东一路30号5楼501', '266100', NULL, '0');
INSERT INTO `tb_order` VALUES ('100019', '13', 'tang', '唐伯虎', '山东省烟台市烟台大学4号楼', '266100', NULL, '1');
INSERT INTO `tb_order` VALUES ('100020', '14', 'yao', '李逍遥', '重庆市重庆大学2号楼', '266100', NULL, '0');
INSERT INTO `tb_order` VALUES ('100021', '15', 'shan', '林姗姗', '山东省烟台市烟台大学4号楼', '266100', NULL, '1');
INSERT INTO `tb_order` VALUES ('100022', '16', 'like', '李可', '山东省青岛市市北区台东一路30号5楼501', '266100', NULL, '1');
INSERT INTO `tb_order` VALUES ('100023', '7', 'like', '白奕竹', '重庆市重庆大学2号楼', '266100', NULL, '1');
INSERT INTO `tb_order` VALUES ('100024', '8', 'ning', '宁凝', '河北省石家庄市石家庄铁道学院7号楼', '266100', NULL, '0');
INSERT INTO `tb_order` VALUES ('100025', '9', 'miao', '林师淼', '山东省烟台市烟台大学4号楼', '266100', NULL, '1');
INSERT INTO `tb_order` VALUES ('100026', '10', 'lan', '叶海蓝', '河北省石家庄市石家庄铁道学院7号楼', '266100', NULL, '0');
INSERT INTO `tb_order` VALUES ('100027', '11', 'ling', '灵歌', '重庆市重庆大学2号楼', '266100', NULL, '1');
INSERT INTO `tb_order` VALUES ('100028', '12', 'monkey', '侯建斌', '山东省烟台市烟台大学4号楼', '266100', NULL, '0');
INSERT INTO `tb_order` VALUES ('100029', '3', 'Jerry', '白奕竹', '山东省青岛市市北区台东一路30号5楼501', '266100', NULL, '1');
INSERT INTO `tb_order` VALUES ('100030', '2', 'tom', '汤姆', '重庆市重庆大学2号楼', '266100', NULL, '0');


-- ----------------------------
-- Table structure for tb_orderitem
-- ----------------------------
DROP TABLE IF EXISTS `tb_orderitem`;
CREATE TABLE `tb_orderitem` (
  `orderItemId` int(11) NOT NULL AUTO_INCREMENT,
  `orderId` int(11) DEFAULT NULL,
  `goodsId` int(20) DEFAULT NULL,
  `goodsNum` int(11) DEFAULT NULL,
  PRIMARY KEY (`orderItemId`),
  KEY `orderId` (`orderId`),
  KEY `goodsId` (`goodsId`),
  CONSTRAINT `tb_orderitem_ibfk_1` FOREIGN KEY (`orderId`) REFERENCES `tb_order` (`orderId`),
  CONSTRAINT `tb_orderitem_ibfk_2` FOREIGN KEY (`goodsId`) REFERENCES `tb_goods` (`goodsId`)
) ENGINE=InnoDB AUTO_INCREMENT=10010001 DEFAULT CHARSET=utf8;

-- ----------------------------
-- Records of tb_orderitem
-- ----------------------------
INSERT INTO `tb_orderitem` VALUES (NULL, '100000', '1010001', '1');
INSERT INTO `tb_orderitem` VALUES (NULL, '100001', '1010001', '1');
INSERT INTO `tb_orderitem` VALUES (NULL, '100001', '1010001', '1');
INSERT INTO `tb_orderitem` VALUES (NULL, '100002', '1010001', '1');
INSERT INTO `tb_orderitem` VALUES (NULL, '100003', '1010001', '1');
INSERT INTO `tb_orderitem` VALUES (NULL, '100004', '1010001', '1');
INSERT INTO `tb_orderitem` VALUES (NULL, '100004', '1010001', '1');
INSERT INTO `tb_orderitem` VALUES (NULL, '100004', '1010001', '1');
INSERT INTO `tb_orderitem` VALUES (NULL, '100005', '1010001', '1');
INSERT INTO `tb_orderitem` VALUES (NULL, '100006', '1010001', '1');
INSERT INTO `tb_orderitem` VALUES (NULL, '100007', '1010001', '1');
INSERT INTO `tb_orderitem` VALUES (NULL, '100008', '1010001', '1');
INSERT INTO `tb_orderitem` VALUES (NULL, '100009', '1010001', '1');
INSERT INTO `tb_orderitem` VALUES (NULL, '100010', '1010001', '1');
INSERT INTO `tb_orderitem` VALUES (NULL, '100010', '1010001', '1');
INSERT INTO `tb_orderitem` VALUES (NULL, '100011', '1010001', '1');
INSERT INTO `tb_orderitem` VALUES (NULL, '100012', '1010001', '1');
INSERT INTO `tb_orderitem` VALUES (NULL, '100013', '1010001', '1');
INSERT INTO `tb_orderitem` VALUES (NULL, '100014', '1010001', '1');
INSERT INTO `tb_orderitem` VALUES (NULL, '100015', '1010001', '1');
INSERT INTO `tb_orderitem` VALUES (NULL, '100016', '1010001', '1');
INSERT INTO `tb_orderitem` VALUES (NULL, '100017', '1010001', '1');
INSERT INTO `tb_orderitem` VALUES (NULL, '100018', '1010001', '1');
INSERT INTO `tb_orderitem` VALUES (NULL, '100019', '1010001', '1');
INSERT INTO `tb_orderitem` VALUES (NULL, '100020', '1010001', '1');
INSERT INTO `tb_orderitem` VALUES (NULL, '100020', '1010001', '1');
INSERT INTO `tb_orderitem` VALUES (NULL, '100021', '1010001', '1');
INSERT INTO `tb_orderitem` VALUES (NULL, '100022', '1010001', '1');
INSERT INTO `tb_orderitem` VALUES (NULL, '100023', '1010001', '1');
INSERT INTO `tb_orderitem` VALUES (NULL, '100024', '1010001', '1');
INSERT INTO `tb_orderitem` VALUES (NULL, '100025', '1010001', '1');
INSERT INTO `tb_orderitem` VALUES (NULL, '100026', '1010001', '1');
INSERT INTO `tb_orderitem` VALUES (NULL, '100027', '1010001', '1');
INSERT INTO `tb_orderitem` VALUES (NULL, '100028', '1010001', '1');
INSERT INTO `tb_orderitem` VALUES (NULL, '100029', '1010001', '1');
INSERT INTO `tb_orderitem` VALUES (NULL, '100030', '1010001', '1');
INSERT INTO `tb_orderitem` VALUES (NULL, '100030', '1010001', '1');
INSERT INTO `tb_orderitem` VALUES (NULL, '100011', '1010001', '1');
INSERT INTO `tb_orderitem` VALUES (NULL, '100012', '1010001', '1');
INSERT INTO `tb_orderitem` VALUES (NULL, '100013', '1010001', '1');
INSERT INTO `tb_orderitem` VALUES (NULL, '100014', '1010001', '1');
INSERT INTO `tb_orderitem` VALUES (NULL, '100015', '1010001', '1');
INSERT INTO `tb_orderitem` VALUES (NULL, '100016', '1010001', '1');
INSERT INTO `tb_orderitem` VALUES (NULL, '100017', '1010001', '1');
INSERT INTO `tb_orderitem` VALUES (NULL, '100018', '1010001', '1');
INSERT INTO `tb_orderitem` VALUES (NULL, '100019', '1010001', '1');

-- ----------------------------
-- Table structure for tb_inform
-- ----------------------------
DROP TABLE IF EXISTS `tb_inform`;
CREATE TABLE `tb_inform` (
  `informId` int(11) NOT NULL AUTO_INCREMENT,
  `informTitle` varchar(30) DEFAULT NULL,
  `informContent` varchar(30) DEFAULT NULL,
  `informTime` timestamp NOT NULL DEFAULT CURRENT_TIMESTAMP ON UPDATE CURRENT_TIMESTAMP,
  PRIMARY KEY (`informId`)
) ENGINE=InnoDB AUTO_INCREMENT=2 DEFAULT CHARSET=utf8;

-- ----------------------------
-- Records of tb_inform
-- ----------------------------
INSERT INTO `tb_inform` VALUES ('1', 'ipet商城营业啦~~', '欢迎大家光临，有任何意见请您及时给我们留言，谢谢大家捧场。', '2017-5-14');
INSERT INTO `tb_inform` VALUES ('2', '开业初期', '', '2017-5-14');
INSERT INTO `tb_inform` VALUES ('3', '测试', '你看到我了吗', '2017-5-14');


-- ----------------------------
-- Table structure for tb_note
-- ----------------------------
DROP TABLE IF EXISTS `tb_note`;
CREATE TABLE `tb_note` (
  `id` int(11) NOT NULL AUTO_INCREMENT,
  `title` varchar(20) NOT NULL,
  `author` varchar(30) NOT NULL,
  `content` varchar(50) NOT NULL,
  `ly_time` timestamp NOT NULL DEFAULT CURRENT_TIMESTAMP ON UPDATE CURRENT_TIMESTAMP,
  `imgs` varchar(20) DEFAULT NULL,
  PRIMARY KEY (`id`)
) ENGINE=InnoDB AUTO_INCREMENT=7 DEFAULT CHARSET=utf8;

-- ----------------------------
-- Records of tb_note
-- ----------------------------
INSERT INTO `tb_note` VALUES ('2', '能不能便宜点', 'kitty15', '求便宜点。。。', '2014-01-04 20:55:33', 'images/face/pic4.gif');
INSERT INTO `tb_note` VALUES ('4', '有没有优惠啊', 'demo123', '有木有？', '2014-01-05 17:37:42', 'images/face/pic2.gif');
INSERT INTO `tb_note` VALUES ('5', '好多哦', 'ha2222', '好看哦', '2014-01-06 19:57:24', 'images/face/pic4.gif');
INSERT INTO `tb_note` VALUES ('6', '有没有特价啊？', 'hello111', '有没有活动秒杀啊', '2014-01-06 23:05:14', 'images/face/pic1.gif');

